彩种名称,投注人数,投注金额,中奖金额,撤单金额,返点金额,盈利,盈率,source_file
1分快3,698,7994708.00,7649465.34,85262.00,10892.66,334350.00,4.18%,20200527.xls
极速快3,150,1817943.00,1788182.30,0.00,3426.23,26334.47,1.45%,20200527.xls
3分快3,117,279209.00,264210.09,4180.00,392.13,14606.78,5.23%,20200527.xls
龙虎斗,45,201525.00,196699.20,0.00,748.04,4077.76,2.02%,20200527.xls
5分快3,44,121834.00,117366.68,77.00,60.53,4406.80,3.62%,20200527.xls
传统1分赛车,15,83977.00,79449.58,3656.00,33.35,4494.07,5.35%,20200527.xls
骰宝,10,81745.00,68456.00,0.00,779.70,12509.30,15.30%,20200527.xls
传统1分彩,19,76025.00,75857.69,0.00,125.99,41.33,0.05%,20200527.xls
1分六合,29,55400.00,58311.08,4.00,12.89,-2923.97,-5.28%,20200527.xls
1分彩,38,53185.52,54269.48,5020.00,110.61,-1194.56,-2.25%,20200527.xls
万人龙虎,14,45910.00,47849.35,0.00,133.42,-2072.77,-4.51%,20200527.xls
疯狂飞艇,32,41763.02,41513.22,374.50,184.28,65.51,0.16%,20200527.xls
欢乐生肖,8,38111.84,42467.46,330.00,6.56,-4362.18,-11.45%,20200527.xls
1分11选5,19,35971.92,40811.56,257.14,26.01,-4865.65,-13.53%,20200527.xls
极速赛车,16,26893.98,25574.79,0.00,24.00,1295.19,4.82%,20200527.xls
1分赛车,27,26515.90,27506.91,32.52,1.42,-992.43,-3.74%,20200527.xls
百家乐,9,24300.00,22618.20,0.00,0.00,1681.80,6.92%,20200527.xls
腾讯1.5分彩,6,19317.12,20155.89,216.80,0.00,-838.77,-4.34%,20200527.xls
北京赛车,8,16512.52,17843.57,6.80,15.20,-1346.25,-8.15%,20200527.xls
腾讯时时彩,23,13826.40,11013.24,12.12,16.26,2796.90,20.23%,20200527.xls
六合秒秒,6,12920.00,14544.90,0.00,71.57,-1696.47,-13.13%,20200527.xls
3分赛车,11,12844.48,11869.20,452.40,81.63,893.65,6.96%,20200527.xls
传统欢乐生肖,4,12714.00,14136.15,0.00,76.07,-1498.22,-11.78%,20200527.xls
森林舞会,7,12560.00,12523.50,0.00,18.18,18.33,0.15%,20200527.xls
万人牛牛,6,10701.00,10443.30,5.00,46.10,211.60,1.98%,20200527.xls
广西快3,9,10588.00,6401.77,12.00,0.45,4185.77,39.53%,20200527.xls
江苏快3,23,9300.00,12930.88,45.00,3.26,-3634.14,-39.08%,20200527.xls
北京快3,8,8696.00,8162.71,10.00,0.06,533.23,6.13%,20200527.xls
百人牛牛,8,8460.00,8520.90,0.00,38.70,-99.60,-1.18%,20200527.xls
湖北快3,11,8244.00,6186.96,81.00,0.64,2056.40,24.94%,20200527.xls
安徽快3,14,7463.00,9259.90,6.00,1.71,-1798.61,-24.10%,20200527.xls
上海快3,8,7334.00,5313.72,0.00,0.18,2020.10,27.54%,20200527.xls
山东11选5,16,7216.00,4575.77,508.00,19.24,2620.99,36.32%,20200527.xls
河北快3,9,7113.00,9322.38,0.00,0.39,-2209.77,-31.07%,20200527.xls
3分彩,2,7066.80,6934.40,0.00,0.00,132.40,1.87%,20200527.xls
红黑大战,11,6770.00,6233.90,0.00,1.33,534.77,7.90%,20200527.xls
江苏11选5,7,6642.00,5287.37,4.00,0.00,1354.63,20.39%,20200527.xls
广东11选5,13,6137.92,4629.17,150.00,1.48,1507.28,24.56%,20200527.xls
吉林快3,14,5293.00,5443.85,156.00,2.78,-153.63,-2.90%,20200527.xls
贵州快3,9,4912.00,4625.08,79.00,0.90,286.02,5.82%,20200527.xls
腾讯3分彩,3,4820.14,5702.56,0.00,0.00,-882.42,-18.31%,20200527.xls
传统疯狂飞艇,4,4530.00,3648.89,0.00,0.00,881.11,19.45%,20200527.xls
奔驰宝马,6,4085.00,4283.15,0.00,16.50,-214.65,-5.25%,20200527.xls
江西11选5,10,4023.60,4463.43,21.00,0.58,-440.41,-10.95%,20200527.xls
飞禽走兽,5,3660.00,3623.45,0.00,26.35,10.20,0.28%,20200527.xls
澳门六合彩,6,3303.00,1100.27,10.00,0.04,2202.69,66.69%,20200527.xls
甘肃快3,8,3193.00,4892.42,0.00,0.27,-1699.69,-53.23%,20200527.xls
梭哈,7,3155.00,1804.95,0.00,0.50,1349.55,42.77%,20200527.xls
上海11选5,9,3119.40,1178.16,280.00,1.06,1940.18,62.20%,20200527.xls
万人射龙门,2,2800.00,2880.00,0.00,0.00,-80.00,-2.86%,20200527.xls
1分幸运28,4,2053.00,1783.85,0.00,0.00,269.15,13.11%,20200527.xls
传统北京赛车,4,1208.00,695.41,0.00,0.00,512.59,42.43%,20200527.xls
5分赛车,9,1139.30,1355.52,0.00,5.52,-221.74,-19.46%,20200527.xls
百人炸金花,3,1010.00,767.40,0.00,0.90,241.70,23.93%,20200527.xls
百人三公,3,1000.00,922.20,0.00,9.25,68.55,6.86%,20200527.xls
万人红黑大战,5,936.00,931.53,0.00,0.12,4.35,0.46%,20200527.xls
5分六合,4,799.00,1361.87,4.00,0.00,-562.87,-70.45%,20200527.xls
百人牌九,3,555.00,559.90,0.00,6.00,-10.90,-1.96%,20200527.xls
腾讯5分彩,3,533.00,453.10,0.00,0.00,79.90,14.99%,20200527.xls
万人炸金花,1,390.00,472.80,0.00,0.00,-82.80,-21.23%,20200527.xls
5分彩,1,370.00,551.60,0.00,0.00,-181.60,-49.08%,20200527.xls
万人百家乐,4,200.00,190.00,0.00,0.08,9.92,4.96%,20200527.xls
传统3分赛车,3,106.00,151.17,0.00,0.00,-45.17,-42.61%,20200527.xls
百人德扑,1,60.00,19.80,0.00,0.00,40.20,67.00%,20200527.xls
秒秒彩,1,60.00,0.00,0.00,0.00,60.00,100.00%,20200527.xls
传统5分赛车,1,34.00,19.80,0.00,0.00,14.20,41.76%,20200527.xls
万人德扑,1,30.00,0.00,0.00,0.12,29.88,99.60%,20200527.xls
传统10分快3,1,11.00,11.88,0.00,0.00,-0.88,-8.00%,20200527.xls
台湾宾果,1,0.08,0.08,0.00,0.00,0.00,0.00%,20200527.xls
小计,,11274832.94,10860792.63,101252.28,17421.24,396619.10,3.52%,20200527.xls
1分快3,690,10456584.00,9911599.03,196997.00,10552.19,534432.78,5.11%,20200528.xls
极速快3,131,1097963.00,1056764.94,0.00,2787.47,38410.59,3.50%,20200528.xls
传统1分彩,23,500900.00,476339.23,0.00,6.30,24554.47,4.90%,20200528.xls
3分快3,121,234595.00,228708.34,8101.00,303.45,5583.20,2.38%,20200528.xls
龙虎斗,41,135800.00,131381.20,0.00,513.34,3905.47,2.88%,20200528.xls
5分快3,45,85370.00,84474.47,2003.00,93.03,802.49,0.94%,20200528.xls
1分彩,43,83161.46,85403.30,104.00,95.88,-2337.72,-2.81%,20200528.xls
1分11选5,17,78993.46,75747.61,787.16,45.56,3200.30,4.05%,20200528.xls
万人龙虎,9,67335.00,49736.65,0.00,37.14,17561.22,26.08%,20200528.xls
1分六合,25,62519.00,62239.74,14.00,4.42,274.84,0.44%,20200528.xls
传统1分赛车,16,47692.00,45293.74,2612.00,9.33,2388.93,5.01%,20200528.xls
疯狂飞艇,32,39979.92,41916.14,502.00,82.62,-2018.84,-5.05%,20200528.xls
腾讯1.5分彩,7,36604.12,36769.15,0.00,0.00,-165.03,-0.45%,20200528.xls
极速赛车,17,35236.02,32407.54,0.00,230.81,2597.67,7.37%,20200528.xls
1分赛车,30,27186.38,27903.15,39.44,0.00,-716.77,-2.64%,20200528.xls
百家乐,8,24720.00,22465.65,0.00,0.00,2254.35,9.12%,20200528.xls
欢乐生肖,8,23326.16,25540.90,330.00,14.65,-2229.39,-9.56%,20200528.xls
澳门六合彩,5,20543.00,20997.63,29.00,0.09,-454.72,-2.21%,20200528.xls
腾讯时时彩,21,20199.92,21721.20,0.00,0.00,-1521.28,-7.53%,20200528.xls
万人牛牛,7,15650.00,15190.74,25.00,24.70,434.56,2.78%,20200528.xls
3分赛车,10,10605.62,6935.64,182.40,13.25,3656.73,34.48%,20200528.xls
湖北快3,9,10454.00,9841.59,0.00,0.64,611.78,5.85%,20200528.xls
红黑大战,8,9640.00,8929.80,0.00,2.80,707.40,7.34%,20200528.xls
上海快3,12,9015.00,6710.70,17.00,0.51,2303.79,25.56%,20200528.xls
北京快3,11,8771.00,8766.38,45.00,23.28,-18.66,-0.21%,20200528.xls
传统疯狂飞艇,5,8115.00,5967.70,0.00,1.60,2145.70,26.44%,20200528.xls
河北快3,15,7921.00,8972.02,501.00,4.33,-1055.35,-13.32%,20200528.xls
江苏快3,17,7586.00,8185.50,0.00,1.99,-601.49,-7.93%,20200528.xls
北京赛车,7,7221.18,6393.76,0.00,2.60,824.82,11.42%,20200528.xls
吉林快3,15,7092.00,9000.39,70.00,6.32,-1914.71,-27.00%,20200528.xls
江西11选5,9,6901.00,10046.43,0.00,0.44,-3145.87,-45.59%,20200528.xls
万人百家乐,3,6705.00,5682.65,0.00,1.44,1020.91,15.23%,20200528.xls
贵州快3,10,6626.00,6336.96,0.00,0.17,288.87,4.36%,20200528.xls
安徽快3,16,6393.00,6182.41,210.00,3.07,207.53,3.25%,20200528.xls
山东11选5,14,5773.40,6476.29,124.00,14.71,-717.60,-12.43%,20200528.xls
广西快3,9,5566.00,5147.74,31.00,0.87,417.39,7.50%,20200528.xls
江苏11选5,9,4062.80,1683.85,1613.00,0.00,2378.96,58.55%,20200528.xls
传统北京赛车,5,3746.00,3321.42,450.00,0.00,424.58,11.33%,20200528.xls
甘肃快3,9,3563.00,3913.31,0.00,0.24,-350.55,-9.84%,20200528.xls
百人三公,2,3505.00,4098.40,0.00,0.40,-593.80,-16.94%,20200528.xls
百人牛牛,2,3485.00,2813.50,0.00,0.00,671.50,19.27%,20200528.xls
百人炸金花,3,3470.00,3133.20,0.00,0.70,336.10,9.69%,20200528.xls
万人炸金花,3,3275.00,2639.85,0.00,0.00,635.15,19.39%,20200528.xls
传统欢乐生肖,2,3210.00,2141.76,0.00,37.65,1030.59,32.11%,20200528.xls
广东11选5,9,3121.80,3397.96,0.00,0.24,-276.40,-8.85%,20200528.xls
万人红黑大战,5,3004.00,2818.27,0.00,7.70,178.04,5.93%,20200528.xls
奔驰宝马,6,2890.00,1980.00,0.00,0.00,910.00,31.49%,20200528.xls
上海11选5,11,2717.20,2002.21,8.00,0.80,714.19,26.28%,20200528.xls
万人射龙门,1,2680.00,3212.00,0.00,0.00,-532.00,-19.85%,20200528.xls
梭哈,9,2400.00,1715.80,0.00,0.00,684.20,28.51%,20200528.xls
5分六合,4,2397.00,3191.62,56.00,0.00,-794.62,-33.15%,20200528.xls
飞禽走兽,6,1700.00,1390.00,0.00,0.00,310.00,18.24%,20200528.xls
六合秒秒,5,1607.00,1673.12,0.00,20.98,-87.10,-5.42%,20200528.xls
森林舞会,2,1240.00,2153.90,0.00,24.13,-938.03,-75.65%,20200528.xls
传统10分赛车,2,1158.00,1441.44,0.00,0.00,-283.44,-24.48%,20200528.xls
5分赛车,7,901.74,725.46,0.00,4.08,172.20,19.10%,20200528.xls
骰宝,4,735.00,771.60,0.00,0.00,-36.60,-4.98%,20200528.xls
传统3分赛车,1,683.00,594.00,0.00,0.00,89.00,13.03%,20200528.xls
腾讯3分彩,4,526.04,372.12,0.00,0.63,153.29,29.14%,20200528.xls
5分彩,2,519.60,592.80,0.00,0.00,-73.20,-14.09%,20200528.xls
1分幸运28,6,488.00,123.16,0.00,0.00,364.84,74.76%,20200528.xls
决战梭哈,2,440.00,747.90,0.00,0.00,-307.90,-69.98%,20200528.xls
传统5分赛车,2,222.00,314.82,0.00,0.00,-92.82,-41.81%,20200528.xls
3分彩,2,213.00,246.30,0.00,0.00,-33.30,-15.63%,20200528.xls
射龙门,2,145.00,156.00,0.00,0.00,-11.00,-7.59%,20200528.xls
秒秒彩,2,52.00,99.00,0.00,0.00,-47.00,-90.38%,20200528.xls
百人二八杠,1,25.00,39.60,0.00,0.00,-14.60,-58.40%,20200528.xls
百人牌九,1,10.00,0.00,0.00,0.00,10.00,100.00%,20200528.xls
小计,,13276935.82,12625680.68,214851.00,14976.55,636278.64,4.79%,20200528.xls
1分快3,673,8182718.00,7975133.22,70554.00,9678.02,197906.76,2.42%,20200529.xls
极速快3,153,1290179.00,1135229.68,0.00,4647.00,150302.32,11.65%,20200529.xls
龙虎斗,43,224775.00,217417.90,0.00,313.53,7043.58,3.13%,20200529.xls
3分快3,117,223201.00,222144.76,3114.00,309.56,746.68,0.33%,20200529.xls
1分彩,42,122224.18,114788.67,50.50,415.14,7020.37,5.74%,20200529.xls
5分快3,41,81894.00,74069.20,1942.00,22.08,7802.71,9.53%,20200529.xls
万人龙虎,16,70825.00,58470.85,0.00,53.47,12300.69,17.37%,20200529.xls
传统1分彩,22,56697.00,55368.02,61.00,51.45,1277.53,2.25%,20200529.xls
传统1分赛车,18,51358.00,58074.91,2711.00,0.00,-6716.91,-13.08%,20200529.xls
疯狂飞艇,30,49869.72,49790.93,388.00,1.98,76.81,0.15%,20200529.xls
腾讯时时彩,28,40484.36,39235.92,55.96,8.69,1239.75,3.06%,20200529.xls
1分赛车,30,32841.80,35512.53,57.60,3.50,-2674.23,-8.14%,20200529.xls
腾讯1.5分彩,13,28037.26,26311.40,2.24,0.90,1724.96,6.15%,20200529.xls
欢乐生肖,8,24759.54,28591.79,2016.80,0.00,-3832.25,-15.48%,20200529.xls
1分六合,24,23800.00,28434.77,12.00,10.71,-4645.47,-19.52%,20200529.xls
百家乐,7,22300.00,20183.85,0.00,0.00,2116.15,9.49%,20200529.xls
极速赛车,25,18047.42,18698.65,0.00,50.74,-701.96,-3.89%,20200529.xls
森林舞会,7,17780.00,16282.95,0.00,77.70,1419.35,7.98%,20200529.xls
1分11选5,17,14856.98,14938.76,45.60,16.33,-98.11,-0.66%,20200529.xls
红黑大战,6,12040.00,12060.20,0.00,19.50,-39.70,-0.33%,20200529.xls
3分赛车,10,11740.80,8523.81,1353.00,0.10,3216.89,27.40%,20200529.xls
1分幸运28,5,9188.00,7502.28,9.00,0.00,1685.72,18.35%,20200529.xls
骰宝,6,8840.00,7362.00,0.00,75.02,1402.98,15.87%,20200529.xls
江西11选5,9,7451.80,9054.92,440.00,1.29,-1604.41,-21.53%,20200529.xls
传统疯狂飞艇,6,7344.00,9967.32,0.00,0.00,-2623.32,-35.72%,20200529.xls
安徽快3,13,7121.00,7590.28,0.00,1.04,-470.32,-6.60%,20200529.xls
湖北快3,13,6332.00,5222.32,8.00,1.84,1107.84,17.50%,20200529.xls
北京赛车,5,6265.00,6518.16,19.00,0.80,-253.96,-4.05%,20200529.xls
江苏快3,18,6150.00,6461.10,20.00,2.95,-314.05,-5.11%,20200529.xls
吉林快3,10,5524.00,5632.48,380.00,3.46,-111.94,-2.03%,20200529.xls
万人牛牛,6,4805.00,4984.98,0.00,0.00,-179.98,-3.75%,20200529.xls
传统欢乐生肖,6,4443.00,3368.55,5.00,52.24,1022.21,23.01%,20200529.xls
广东11选5,10,4386.84,2884.42,0.00,2.96,1499.46,34.18%,20200529.xls
广西快3,10,4086.00,2959.38,12.00,0.20,1126.42,27.57%,20200529.xls
澳门六合彩,5,3851.00,2486.23,0.00,0.19,1364.58,35.43%,20200529.xls
百人三公,4,3725.00,2535.50,0.00,44.80,1144.70,30.73%,20200529.xls
贵州快3,10,3591.00,2528.72,100.00,0.90,1061.38,29.56%,20200529.xls
江苏11选5,8,3447.40,4217.39,0.00,0.00,-769.99,-22.34%,20200529.xls
河北快3,9,3154.00,3115.62,50.00,0.20,38.18,1.21%,20200529.xls
万人射龙门,2,2900.00,2494.10,0.00,0.00,405.90,14.00%,20200529.xls
上海11选5,8,2651.40,952.86,70.00,1.56,1696.99,64.00%,20200529.xls
北京快3,7,2573.00,3120.86,0.00,0.04,-547.90,-21.29%,20200529.xls
百人牛牛,4,2540.00,2326.20,0.00,0.10,213.70,8.41%,20200529.xls
六合秒秒,7,2412.00,2578.12,0.00,27.27,-193.39,-8.02%,20200529.xls
上海快3,11,2332.00,3049.49,396.00,0.65,-718.14,-30.80%,20200529.xls
甘肃快3,10,2190.00,1672.90,0.00,0.01,517.09,23.61%,20200529.xls
山东11选5,12,2097.00,1707.87,133.00,8.29,380.84,18.16%,20200529.xls
万人炸金花,2,1910.00,2570.85,0.00,0.00,-660.85,-34.60%,20200529.xls
5分彩,4,1825.04,2029.34,0.00,0.00,-204.30,-11.19%,20200529.xls
传统北京赛车,3,1528.00,2903.78,0.00,0.00,-1375.78,-90.04%,20200529.xls
梭哈,5,1375.00,620.80,0.00,2.70,751.50,54.65%,20200529.xls
5分六合,3,1204.00,1562.01,0.00,0.00,-358.01,-29.74%,20200529.xls
3分彩,3,1192.80,1123.40,0.00,0.00,69.41,5.82%,20200529.xls
百人牌九,4,1115.00,1001.05,0.00,6.50,107.45,9.64%,20200529.xls
秒秒彩,1,1000.00,0.00,0.00,0.00,1000.00,100.00%,20200529.xls
万人红黑大战,5,845.00,1029.87,0.00,0.08,-184.95,-21.89%,20200529.xls
飞禽走兽,3,845.00,897.85,0.00,13.38,-66.23,-7.84%,20200529.xls
腾讯5分彩,4,777.56,723.32,100.00,0.00,54.24,6.98%,20200529.xls
奔驰宝马,6,595.00,593.85,0.00,2.50,-1.35,-0.23%,20200529.xls
腾讯3分彩,2,547.60,1079.87,0.00,0.02,-532.29,-97.20%,20200529.xls
传统10分赛车,1,503.00,247.50,0.00,0.00,255.50,50.80%,20200529.xls
5分赛车,6,255.80,257.39,0.00,0.00,-1.60,-0.63%,20200529.xls
万人百家乐,5,220.00,205.20,0.00,0.36,14.44,6.56%,20200529.xls
百人炸金花,1,100.00,0.00,0.00,0.00,100.00,100.00%,20200529.xls
北京快乐8,1,62.00,31.44,0.00,0.00,30.56,49.29%,20200529.xls
传统5分赛车,1,58.00,49.50,0.00,0.00,8.50,14.66%,20200529.xls
传统10分彩,2,48.00,62.97,0.00,0.06,-15.03,-31.31%,20200529.xls
传统3分赛车,1,35.00,0.00,0.00,0.00,35.00,100.00%,20200529.xls
射龙门,1,20.00,25.80,0.00,0.20,-6.00,-30.00%,20200529.xls
百人二八杠,1,20.00,0.00,0.00,0.00,20.00,100.00%,20200529.xls
万人德扑,1,5.00,0.00,0.00,0.02,4.98,99.60%,20200529.xls
小计,,10735916.30,10338572.61,84105.70,15932.03,381411.70,3.55%,20200529.xls
1分快3,677,7034967.00,6754620.91,233805.00,7753.71,272592.38,3.87%,20200530.xls
极速快3,157,2067538.00,1985661.19,0.00,3707.70,78169.11,3.78%,20200530.xls
3分快3,134,265055.00,244247.36,7224.00,467.92,20339.72,7.67%,20200530.xls
龙虎斗,44,179680.00,153455.15,0.00,791.35,25433.50,14.15%,20200530.xls
5分快3,51,93487.00,93499.35,719.00,68.85,-81.20,-0.09%,20200530.xls
六合秒秒,6,59706.00,57309.02,0.00,80.93,2316.05,3.88%,20200530.xls
传统1分赛车,15,58404.00,55505.14,7491.00,4.02,2894.84,4.96%,20200530.xls
极速赛车,20,57873.58,54164.71,0.00,194.96,3513.92,6.07%,20200530.xls
1分彩,37,45349.82,55939.14,5.00,157.33,-10746.65,-23.70%,20200530.xls
传统1分彩,19,45300.00,46196.92,5.00,110.89,-1007.81,-2.22%,20200530.xls
1分赛车,28,41447.54,42594.73,11.44,8.83,-1156.02,-2.79%,20200530.xls
1分11选5,17,40573.20,38833.04,102.94,37.94,1702.22,4.20%,20200530.xls
万人龙虎,13,35665.00,34585.80,0.00,36.11,1043.09,2.92%,20200530.xls
疯狂飞艇,24,31458.18,33372.18,516.80,9.08,-1923.08,-6.11%,20200530.xls
森林舞会,4,20555.00,19658.20,0.00,13.00,883.80,4.30%,20200530.xls
1分六合,27,19328.00,21940.36,6.00,56.29,-2668.64,-13.81%,20200530.xls
腾讯时时彩,21,17978.20,19338.92,37.28,150.12,-1510.84,-8.40%,20200530.xls
欢乐生肖,5,16986.00,21047.40,1630.00,0.00,-4061.40,-23.91%,20200530.xls
万人牛牛,5,12690.00,13201.30,415.00,0.00,-511.30,-4.03%,20200530.xls
3分赛车,15,11867.56,13342.75,798.80,6.68,-1481.87,-12.49%,20200530.xls
万人红黑大战,5,9714.00,9105.45,0.00,25.37,583.19,6.00%,20200530.xls
百家乐,4,9305.00,8113.00,0.00,0.00,1192.00,12.81%,20200530.xls
北京赛车,3,8576.00,7056.72,330.00,0.09,1519.19,17.71%,20200530.xls
湖北快3,7,8071.00,5549.90,300.00,0.13,2520.97,31.23%,20200530.xls
腾讯1.5分彩,9,7850.08,7778.35,0.00,0.00,71.73,0.91%,20200530.xls
百人三公,1,7180.00,8036.00,0.00,71.80,-927.80,-12.92%,20200530.xls
江苏快3,17,7123.00,8071.04,115.00,3.34,-951.38,-13.36%,20200530.xls
广西快3,14,6908.00,2608.26,21.00,1.49,4298.25,62.22%,20200530.xls
河北快3,16,6196.00,4882.80,34.00,3.30,1309.90,21.14%,20200530.xls
红黑大战,8,5980.00,5195.90,0.00,2.53,781.58,13.07%,20200530.xls
山东11选5,12,5827.40,6796.65,186.00,13.89,-983.15,-16.87%,20200530.xls
传统欢乐生肖,4,5795.00,6385.62,0.00,70.74,-661.36,-11.41%,20200530.xls
百人牛牛,6,5320.00,5548.80,0.00,4.45,-233.25,-4.38%,20200530.xls
安徽快3,10,5278.00,7323.42,0.00,0.39,-2045.81,-38.76%,20200530.xls
传统疯狂飞艇,4,4703.00,5869.71,0.00,0.00,-1166.71,-24.81%,20200530.xls
澳门六合彩,3,3727.00,6.27,0.00,0.10,3720.63,99.83%,20200530.xls
5分彩,4,3298.32,3306.20,78.40,0.00,-7.88,-0.24%,20200530.xls
上海快3,12,3211.00,2472.76,0.00,0.45,737.79,22.98%,20200530.xls
吉林快3,10,3100.00,3988.96,26.00,2.12,-891.08,-28.74%,20200530.xls
甘肃快3,7,3001.00,1967.66,22.00,0.09,1033.25,34.43%,20200530.xls
广东11选5,10,2964.40,2043.83,0.00,7.04,913.53,30.82%,20200530.xls
贵州快3,5,2885.00,2696.70,105.00,0.21,188.09,6.52%,20200530.xls
万人射龙门,2,2870.00,4027.00,0.00,0.00,-1157.00,-40.31%,20200530.xls
骰宝,5,2865.00,2966.65,0.00,1.58,-103.23,-3.60%,20200530.xls
北京快3,9,2716.00,3617.46,0.00,0.04,-901.50,-33.19%,20200530.xls
传统北京赛车,3,2316.00,3997.13,0.00,0.00,-1681.13,-72.59%,20200530.xls
腾讯3分彩,2,1618.78,1508.57,0.00,0.09,110.13,6.80%,20200530.xls
传统3分赛车,2,1618.00,1584.00,0.00,0.00,34.00,2.10%,20200530.xls
上海11选5,6,1324.20,907.60,30.00,2.37,414.23,31.28%,20200530.xls
江苏11选5,7,1249.60,2132.97,10.00,0.00,-883.37,-70.69%,20200530.xls
万人德扑,1,1200.00,1584.00,0.00,0.00,-384.00,-32.00%,20200530.xls
3分彩,2,1089.00,1379.00,0.00,0.00,-290.00,-26.63%,20200530.xls
江西11选5,6,1034.00,840.39,20.00,0.00,193.61,18.72%,20200530.xls
5分六合,2,940.00,1162.32,12.00,0.00,-222.32,-23.65%,20200530.xls
传统10分赛车,2,852.00,693.00,0.00,0.00,159.00,18.66%,20200530.xls
5分赛车,6,321.40,208.67,0.00,2.05,110.68,34.44%,20200530.xls
传统5分赛车,4,281.00,326.70,0.00,0.00,-45.70,-16.26%,20200530.xls
1分幸运28,5,209.00,79.77,0.00,0.00,129.23,61.83%,20200530.xls
秒秒彩,2,196.00,138.40,0.00,0.08,57.52,29.35%,20200530.xls
万人炸金花,2,195.00,265.95,0.00,0.00,-70.95,-36.38%,20200530.xls
射龙门,1,120.00,194.60,0.00,1.20,-75.80,-63.17%,20200530.xls
梭哈,3,85.00,63.60,0.00,0.00,21.40,25.18%,20200530.xls
百人炸金花,1,50.00,0.00,0.00,4.25,45.75,91.50%,20200530.xls
百人牌九,1,50.00,0.00,0.00,0.50,49.50,99.00%,20200530.xls
万人百家乐,1,30.00,59.50,0.00,0.00,-29.50,-98.33%,20200530.xls
奔驰宝马,1,30.00,24.75,0.00,0.00,5.25,17.50%,20200530.xls
飞禽走兽,1,20.00,0.00,0.00,0.00,20.00,100.00%,20200530.xls
腾讯5分彩,2,16.20,19.80,1000.00,0.00,-3.60,-22.22%,20200530.xls
小计,,10305218.46,9901099.40,255056.66,13875.40,390243.70,3.79%,20200530.xls
1分快3,690,6274929.00,5992113.94,70161.00,7499.61,275315.45,4.39%,20200531.xls
极速快3,153,1479394.00,1420917.36,0.00,1909.75,56566.90,3.82%,20200531.xls
3分快3,123,195365.00,196707.39,2591.00,383.99,-1726.38,-0.88%,20200531.xls
1分彩,37,127958.50,123227.15,153.00,532.91,4198.45,3.28%,20200531.xls
龙虎斗,46,84380.00,80082.80,0.00,560.63,3736.58,4.43%,20200531.xls
5分快3,46,64422.00,48742.94,1516.00,9.11,15669.95,24.32%,20200531.xls
百家乐,11,55260.00,50515.40,0.00,207.35,4537.25,8.21%,20200531.xls
极速赛车,23,48375.42,47879.65,0.00,170.89,324.89,0.67%,20200531.xls
腾讯1.5分彩,9,47132.12,50120.72,0.00,0.00,-2988.60,-6.34%,20200531.xls
1分赛车,33,46882.94,45831.00,130.08,5.98,1045.96,2.23%,20200531.xls
1分六合,38,46107.00,40212.25,0.00,7.46,5887.30,12.77%,20200531.xls
万人龙虎,15,37825.00,29750.40,10.00,3.45,8071.15,21.34%,20200531.xls
传统1分赛车,13,29065.00,29340.73,4782.00,12.53,-288.26,-0.99%,20200531.xls
1分11选5,15,28169.54,29929.95,86.62,45.86,-1806.26,-6.41%,20200531.xls
疯狂飞艇,32,26673.52,26141.53,638.00,12.74,519.24,1.95%,20200531.xls
欢乐生肖,5,25719.12,24076.80,330.00,0.00,1642.32,6.39%,20200531.xls
传统1分彩,15,20176.00,30181.01,0.00,19.71,-10024.71,-49.69%,20200531.xls
腾讯时时彩,30,17889.90,14246.13,100.80,0.39,3643.38,20.37%,20200531.xls
湖北快3,9,10629.00,4494.74,2.00,0.60,6133.66,57.71%,20200531.xls
百人牛牛,8,10505.00,10187.25,0.00,41.20,276.55,2.63%,20200531.xls
江苏快3,18,9513.00,8689.50,43.00,6.01,817.49,8.59%,20200531.xls
北京快3,5,9274.00,10192.48,33.00,0.00,-918.48,-9.90%,20200531.xls
吉林快3,13,8773.00,5366.74,155.00,5.43,3400.83,38.76%,20200531.xls
3分赛车,13,8095.20,8606.03,399.60,5.48,-516.31,-6.38%,20200531.xls
森林舞会,6,7335.00,6299.55,0.00,51.10,984.35,13.42%,20200531.xls
万人牛牛,3,6886.00,6333.68,20.00,0.00,552.32,8.02%,20200531.xls
河北快3,11,6347.00,4392.50,4242.00,3.51,1950.99,30.74%,20200531.xls
上海快3,11,5901.00,6143.86,0.00,0.57,-243.43,-4.13%,20200531.xls
北京赛车,4,5748.00,4997.40,0.00,6.05,744.55,12.95%,20200531.xls
安徽快3,10,5208.00,5393.73,225.00,6.06,-191.79,-3.68%,20200531.xls
广西快3,12,5188.00,4809.34,10.00,0.02,378.64,7.30%,20200531.xls
贵州快3,7,3538.00,1878.00,0.00,0.01,1659.99,46.92%,20200531.xls
传统欢乐生肖,2,3486.00,3710.21,0.00,46.89,-271.10,-7.78%,20200531.xls
上海11选5,9,3312.18,1775.91,8.00,0.89,1535.38,46.36%,20200531.xls
奔驰宝马,5,2950.00,2318.50,0.00,9.20,622.30,21.09%,20200531.xls
万人射龙门,2,2925.00,4631.30,0.00,0.00,-1706.30,-58.34%,20200531.xls
六合秒秒,3,2577.00,2307.07,0.00,26.72,243.21,9.44%,20200531.xls
山东11选5,8,2486.20,2384.22,144.00,8.10,93.88,3.78%,20200531.xls
骰宝,3,2360.00,2114.40,0.00,0.60,245.00,10.38%,20200531.xls
江苏11选5,5,2297.20,1820.81,0.00,0.00,476.39,20.74%,20200531.xls
江西11选5,5,2252.00,1531.12,0.00,0.00,720.88,32.01%,20200531.xls
甘肃快3,4,2243.00,2042.26,2.00,0.21,200.53,8.94%,20200531.xls
广东11选5,11,2088.40,1528.16,30.00,3.06,557.18,26.68%,20200531.xls
5分赛车,5,1981.00,1902.78,0.00,0.00,78.22,3.95%,20200531.xls
5分六合,2,1933.00,2850.59,0.00,0.00,-917.59,-47.47%,20200531.xls
红黑大战,7,1645.00,1564.40,0.00,3.70,76.90,4.67%,20200531.xls
澳门六合彩,3,1596.00,88.97,0.00,0.51,1506.52,94.39%,20200531.xls
1分幸运28,5,1549.00,829.44,0.00,0.00,719.56,46.45%,20200531.xls
百人二八杠,1,1455.00,1366.20,0.00,0.00,88.80,6.10%,20200531.xls
3分彩,2,1318.80,1457.80,0.00,0.00,-139.00,-10.54%,20200531.xls
传统北京赛车,2,1134.00,2068.50,0.00,0.00,-934.50,-82.41%,20200531.xls
腾讯3分彩,6,1100.50,1149.17,0.00,0.02,-48.68,-4.42%,20200531.xls
百人三公,2,1030.00,505.40,0.00,13.20,511.40,49.65%,20200531.xls
传统疯狂飞艇,7,637.00,508.94,0.00,24.04,104.02,16.33%,20200531.xls
万人炸金花,4,600.00,1034.25,0.00,0.00,-434.25,-72.38%,20200531.xls
百人炸金花,2,280.00,167.40,0.00,11.05,101.55,36.27%,20200531.xls
飞禽走兽,3,280.00,148.25,0.00,3.18,128.58,45.92%,20200531.xls
射龙门,2,245.00,219.55,0.00,0.30,25.15,10.27%,20200531.xls
5分彩,2,214.00,325.20,34.40,0.00,-111.20,-51.96%,20200531.xls
传统10分赛车,1,207.00,69.30,0.00,0.00,137.70,66.52%,20200531.xls
传统3分赛车,1,200.00,85.50,0.00,8.00,106.50,53.25%,20200531.xls
腾讯5分彩,2,122.00,0.00,0.00,0.00,122.00,100.00%,20200531.xls
万人红黑大战,3,106.00,83.01,0.00,0.18,22.81,21.52%,20200531.xls
传统5分赛车,2,70.00,78.00,25.00,1.60,-9.60,-13.71%,20200531.xls
10分六合,3,52.00,0.00,0.00,0.02,51.98,99.96%,20200531.xls
万人百家乐,1,50.00,0.00,0.00,0.00,50.00,100.00%,20200531.xls
秒秒彩,1,12.00,19.80,0.00,0.00,-7.80,-65.00%,20200531.xls
小计,,8805458.54,8410488.36,85871.50,11669.87,383300.39,4.35%,20200531.xls
1分快3,722,7230782.00,6948112.62,156636.00,8685.90,273983.48,3.79%,20200601.xls
极速快3,148,1570598.00,1507475.87,0.00,5542.04,57580.09,3.67%,20200601.xls
3分快3,146,347815.00,332959.30,2478.00,410.25,14445.46,4.15%,20200601.xls
传统1分彩,20,139434.00,126016.07,3445.00,193.04,13224.89,9.48%,20200601.xls
5分快3,49,105937.00,100580.82,2128.00,43.02,5313.16,5.02%,20200601.xls
1分11选5,15,105575.90,100285.55,871.00,370.05,4920.30,4.66%,20200601.xls
1分赛车,33,102556.16,101916.53,1895.00,25.57,614.06,0.60%,20200601.xls
龙虎斗,41,97315.00,89573.45,0.00,1204.59,6536.97,6.72%,20200601.xls
3分赛车,11,78581.30,65454.15,2403.60,1.49,13125.66,16.70%,20200601.xls
百家乐,6,66695.00,57667.10,0.00,307.05,8720.85,13.08%,20200601.xls
1分彩,42,62257.80,59407.90,34.00,83.55,2766.35,4.44%,20200601.xls
疯狂飞艇,36,61350.08,52030.89,2639.00,8.73,9310.45,15.18%,20200601.xls
1分六合,27,59288.00,57833.60,20.00,49.43,1404.97,2.37%,20200601.xls
传统1分赛车,13,54286.00,53749.41,6176.00,3.72,532.87,0.98%,20200601.xls
极速赛车,17,41383.22,36708.95,0.00,160.53,4513.75,10.91%,20200601.xls
腾讯时时彩,27,30612.14,34807.61,0.00,15.81,-4211.27,-13.76%,20200601.xls
万人龙虎,9,27280.00,21932.40,0.00,0.00,5347.60,19.60%,20200601.xls
欢乐生肖,4,15969.60,16335.00,2000.00,0.00,-365.40,-2.29%,20200601.xls
腾讯1.5分彩,7,15246.60,13216.32,19.04,0.00,2030.28,13.32%,20200601.xls
河北快3,14,14712.00,9645.66,298.00,85.06,4981.28,33.86%,20200601.xls
森林舞会,5,11920.00,11315.20,0.00,78.15,526.65,4.42%,20200601.xls
万人牛牛,10,10950.00,9692.50,10.00,11.63,1245.87,11.38%,20200601.xls
百人三公,3,10800.00,9661.30,0.00,89.60,1049.10,9.71%,20200601.xls
5分六合,3,10570.00,5647.01,0.00,0.07,4922.93,46.57%,20200601.xls
传统疯狂飞艇,3,7595.00,8112.79,0.00,0.00,-517.79,-6.82%,20200601.xls
六合秒秒,5,6135.00,6302.75,0.00,11.07,-178.82,-2.91%,20200601.xls
飞禽走兽,3,5885.00,6276.90,0.00,9.38,-401.28,-6.82%,20200601.xls
万人射龙门,2,4805.00,4771.20,0.00,0.00,33.80,0.70%,20200601.xls
3分彩,3,4650.00,4228.93,0.00,0.00,421.07,9.06%,20200601.xls
澳门六合彩,6,3554.00,644.13,0.00,1.49,2908.38,81.83%,20200601.xls
广西快3,9,3523.00,2767.02,81.00,0.05,755.93,21.46%,20200601.xls
传统北京赛车,3,3497.00,4312.33,0.00,0.00,-815.33,-23.32%,20200601.xls
百人牛牛,3,3415.00,3887.25,0.00,0.00,-472.25,-13.83%,20200601.xls
百人牌九,3,3400.00,2596.90,0.00,3.00,800.10,23.53%,20200601.xls
1分幸运28,8,2933.00,3101.84,0.00,0.00,-168.84,-5.76%,20200601.xls
山东11选5,10,2926.08,2987.33,274.30,9.87,-71.12,-2.43%,20200601.xls
广东11选5,13,2690.54,1401.33,80.00,2.33,1286.88,47.83%,20200601.xls
安徽快3,7,2503.00,1545.59,1.00,4.08,953.34,38.09%,20200601.xls
红黑大战,3,2335.00,2788.00,0.00,0.03,-453.03,-19.40%,20200601.xls
奔驰宝马,1,2165.00,2227.50,0.00,0.00,-62.50,-2.89%,20200601.xls
江苏快3,10,2153.00,1732.50,0.00,7.03,413.48,19.20%,20200601.xls
湖北快3,5,2020.00,1228.40,46.00,0.10,791.50,39.18%,20200601.xls
梭哈,2,1630.00,1336.90,0.00,0.00,293.10,17.98%,20200601.xls
吉林快3,11,1571.00,1163.73,0.00,6.30,400.97,25.52%,20200601.xls
传统欢乐生肖,2,1423.00,1589.50,12.00,20.46,-186.96,-13.14%,20200601.xls
万人炸金花,3,1200.00,1832.10,0.00,0.06,-632.16,-52.68%,20200601.xls
上海11选5,10,1180.60,1917.88,80.00,1.23,-738.51,-62.55%,20200601.xls
百人二八杠,1,1155.00,1089.00,0.00,0.00,66.00,5.71%,20200601.xls
江苏11选5,8,1154.00,387.67,52.00,0.00,766.33,66.41%,20200601.xls
北京赛车,4,1059.80,969.15,0.00,5.70,84.95,8.02%,20200601.xls
5分赛车,5,1023.00,944.46,0.00,0.00,78.54,7.68%,20200601.xls
江西11选5,6,786.80,1251.21,14.00,0.76,-465.17,-59.12%,20200601.xls
腾讯3分彩,4,780.64,874.10,0.00,0.00,-93.46,-11.97%,20200601.xls
万人百家乐,2,720.00,676.50,0.00,0.00,43.50,6.04%,20200601.xls
贵州快3,5,574.00,998.80,2.00,0.13,-424.93,-74.03%,20200601.xls
北京快3,7,391.00,61.19,1.00,0.12,329.69,84.32%,20200601.xls
秒秒彩,3,390.00,403.92,0.00,0.00,-13.92,-3.57%,20200601.xls
百人炸金花,4,335.00,261.15,0.00,2.90,70.96,21.18%,20200601.xls
骰宝,3,210.00,177.30,0.00,0.00,32.70,15.57%,20200601.xls
传统5分赛车,1,143.00,196.02,0.00,0.00,-53.02,-37.08%,20200601.xls
传统3分赛车,3,78.00,118.80,0.00,0.06,-40.86,-52.38%,20200601.xls
甘肃快3,3,71.00,0.00,0.00,0.63,70.37,99.11%,20200601.xls
腾讯5分彩,3,32.60,0.20,0.00,0.00,32.40,99.39%,20200601.xls
传统10分赛车,1,30.00,0.00,18.00,0.30,29.70,99.00%,20200601.xls
上海快3,3,23.00,29.40,0.00,0.29,-6.69,-29.09%,20200601.xls
5分彩,1,10.00,19.70,0.00,0.05,-9.75,-97.50%,20200601.xls
万人德扑,1,10.00,0.00,0.00,0.00,10.00,100.00%,20200601.xls
台湾宾果,1,0.12,0.30,0.00,0.00,-0.18,-150.00%,20200601.xls
小计,,10354080.98,9899236.88,181713.94,17456.70,437387.47,4.22%,20200601.xls
1分快3,701,6973364.00,6640787.84,119299.00,7202.37,325373.80,4.67%,20200602.xls
极速快3,157,1406385.00,1349798.27,0.00,2982.02,53604.71,3.81%,20200602.xls
3分快3,146,281903.00,270212.40,4787.00,638.79,11051.81,3.92%,20200602.xls
疯狂飞艇,30,99986.90,95824.29,572.48,46.40,4116.21,4.12%,20200602.xls
龙虎斗,44,94610.00,90173.95,0.00,782.67,3653.39,3.86%,20200602.xls
5分快3,46,86917.00,83911.69,2786.00,159.66,2845.64,3.27%,20200602.xls
极速赛车,19,71277.66,69813.90,0.00,350.38,1113.38,1.56%,20200602.xls
1分六合,33,67035.00,65461.45,9.00,52.26,1521.29,2.27%,20200602.xls
1分赛车,33,66881.00,61924.93,88.20,4.39,4951.69,7.40%,20200602.xls
1分彩,41,65648.04,62809.08,63.20,114.15,2724.81,4.15%,20200602.xls
传统1分彩,22,48451.00,47661.90,96.00,76.30,712.81,1.47%,20200602.xls
传统1分赛车,14,47865.00,38904.91,4566.00,36.99,8923.10,18.64%,20200602.xls
腾讯时时彩,30,41750.98,47715.01,248.00,31.62,-5995.65,-14.36%,20200602.xls
六合秒秒,9,35756.00,34999.00,0.00,58.43,698.57,1.95%,20200602.xls
3分赛车,10,21856.40,21645.72,0.00,5.12,205.56,0.94%,20200602.xls
秒秒彩,3,19968.00,19086.44,0.00,0.00,881.56,4.41%,20200602.xls
1分11选5,14,18682.04,16269.54,339.08,33.61,2378.88,12.73%,20200602.xls
万人龙虎,7,18125.00,28317.80,0.00,1.80,-10194.60,-56.25%,20200602.xls
欢乐生肖,5,17807.16,19958.40,0.00,0.00,-2151.24,-12.08%,20200602.xls
腾讯1.5分彩,8,17476.78,16507.46,6.00,0.01,969.31,5.55%,20200602.xls
北京赛车,2,12250.20,17555.90,0.00,13.80,-5319.50,-43.42%,20200602.xls
奔驰宝马,5,11655.00,10872.40,0.00,41.93,740.68,6.36%,20200602.xls
森林舞会,5,11025.00,6348.10,0.00,12.13,4664.78,42.31%,20200602.xls
传统疯狂飞艇,7,10923.00,6303.60,0.00,1.32,4618.08,42.28%,20200602.xls
广东11选5,11,10137.28,6733.30,0.00,10.78,3393.20,33.47%,20200602.xls
山东11选5,11,9507.80,6404.87,1370.00,12.71,3090.21,32.50%,20200602.xls
红黑大战,4,6680.00,7112.80,0.00,1.85,-434.65,-6.51%,20200602.xls
万人射龙门,3,6385.00,7145.65,0.00,0.00,-760.65,-11.91%,20200602.xls
百人牛牛,6,5435.00,6157.80,0.00,2.55,-725.35,-13.35%,20200602.xls
万人牛牛,5,5224.00,5017.40,0.00,0.74,205.86,3.94%,20200602.xls
传统北京赛车,5,5014.00,5051.08,242.00,0.00,-37.08,-0.74%,20200602.xls
江苏快3,14,4242.00,2838.68,0.00,4.94,1398.38,32.97%,20200602.xls
3分彩,4,3712.40,4707.80,0.00,0.56,-995.96,-26.83%,20200602.xls
5分六合,2,3158.00,3029.94,51.00,0.00,128.06,4.06%,20200602.xls
传统欢乐生肖,3,3157.00,2598.21,106.00,43.77,515.02,16.31%,20200602.xls
湖北快3,6,3088.00,4035.12,0.00,0.68,-947.80,-30.69%,20200602.xls
安徽快3,10,2991.00,3116.15,0.00,6.80,-131.95,-4.41%,20200602.xls
澳门六合彩,6,2885.00,244.50,260.00,1.30,2639.20,91.48%,20200602.xls
腾讯3分彩,2,2058.60,2226.10,0.00,0.00,-167.50,-8.14%,20200602.xls
百人炸金花,4,1875.00,1387.80,0.00,5.37,481.84,25.70%,20200602.xls
百家乐,6,1665.00,1324.30,0.00,1.03,339.68,20.40%,20200602.xls
骰宝,4,1620.00,1388.85,0.00,0.03,231.13,14.27%,20200602.xls
上海11选5,9,1596.20,486.56,0.00,1.54,1108.10,69.42%,20200602.xls
江西11选5,9,1570.20,166.51,20.00,0.64,1403.05,89.35%,20200602.xls
百人牌九,3,1550.00,889.90,0.00,0.00,660.10,42.59%,20200602.xls
江苏11选5,5,1347.00,999.70,10.00,0.00,347.30,25.78%,20200602.xls
飞禽走兽,3,970.00,997.80,0.00,22.93,-50.73,-5.23%,20200602.xls
吉林快3,7,928.00,726.03,0.00,3.06,198.91,21.43%,20200602.xls
腾讯5分彩,1,918.00,1221.40,0.00,0.00,-303.40,-33.05%,20200602.xls
1分幸运28,7,782.00,756.50,0.00,0.00,25.50,3.26%,20200602.xls
贵州快3,3,596.00,0.00,0.00,0.01,595.99,100.00%,20200602.xls
上海快3,3,557.00,1090.98,0.00,0.00,-533.98,-95.87%,20200602.xls
传统3分赛车,2,540.00,411.84,0.00,0.00,128.16,23.73%,20200602.xls
5分赛车,4,524.00,576.18,0.00,0.00,-52.18,-9.96%,20200602.xls
万人炸金花,2,445.00,650.10,0.00,0.00,-205.10,-46.09%,20200602.xls
传统5分赛车,1,445.00,0.00,0.00,0.00,445.00,100.00%,20200602.xls
百人二八杠,2,420.00,514.80,0.00,0.00,-94.80,-22.57%,20200602.xls
甘肃快3,7,371.00,418.50,65.00,2.74,-50.24,-13.54%,20200602.xls
河北快3,9,308.00,261.35,0.00,0.01,46.64,15.14%,20200602.xls
广西快3,4,276.00,2507.04,0.00,0.03,-2231.07,-808.36%,20200602.xls
传统10分赛车,1,270.00,237.60,0.00,0.00,32.40,12.00%,20200602.xls
梭哈,3,110.00,46.00,0.00,1.60,62.40,56.73%,20200602.xls
百人三公,3,110.00,0.00,0.00,0.80,109.20,99.27%,20200602.xls
北京快3,2,63.00,166.14,0.00,0.00,-103.14,-163.71%,20200602.xls
万人百家乐,1,60.00,0.00,0.00,0.00,60.00,100.00%,20200602.xls
万人红黑大战,1,50.00,0.00,0.00,0.00,50.00,100.00%,20200602.xls
幸运28,1,5.00,3.60,0.00,0.00,1.40,28.00%,20200602.xls
5分彩,2,3.20,4.75,0.00,0.00,-1.55,-48.44%,20200602.xls
台湾宾果,1,0.66,0.15,0.00,0.00,0.51,77.27%,20200602.xls
传统10分彩,0,0.00,0.00,3.00,0.00,0.00,0.00%,20200602.xls
小计,,9641249.50,9206517.76,134986.96,12772.62,421959.18,4.38%,20200602.xls
1分快3,719,6161269.00,5975757.73,213220.00,8546.50,176964.77,2.87%,20200603.xls
极速快3,163,1173834.00,1136628.72,0.00,4430.51,32774.77,2.79%,20200603.xls
3分快3,148,281883.00,293401.21,8705.00,535.17,-12053.37,-4.28%,20200603.xls
欢乐生肖,12,111118.44,140184.00,1575.00,0.00,-29065.56,-26.16%,20200603.xls
传统1分彩,24,97156.00,90789.53,158.00,232.46,6134.01,6.31%,20200603.xls
5分快3,51,95430.00,79375.91,4113.00,29.87,16024.23,16.79%,20200603.xls
龙虎斗,51,86395.00,82882.15,500.00,1008.28,2504.57,2.90%,20200603.xls
1分赛车,33,84950.82,79016.42,248.00,4.39,5930.01,6.98%,20200603.xls
传统1分赛车,17,84044.00,80247.26,1518.00,122.36,3674.39,4.37%,20200603.xls
1分六合,26,81098.00,77466.56,246.00,3.26,3628.18,4.47%,20200603.xls
1分彩,42,66477.30,68425.46,17.60,71.16,-2019.31,-3.04%,20200603.xls
腾讯时时彩,23,64603.58,61405.37,253.10,2.08,3196.14,4.95%,20200603.xls
1分11选5,13,31836.40,32092.43,302.28,49.22,-305.26,-0.96%,20200603.xls
万人龙虎,13,29685.00,24358.25,0.00,7.96,5318.79,17.92%,20200603.xls
疯狂飞艇,31,29611.42,28471.11,125.50,27.57,1112.74,3.76%,20200603.xls
极速赛车,20,22175.06,23878.41,0.00,33.91,-1737.25,-7.83%,20200603.xls
传统北京赛车,6,17954.00,31297.39,0.00,0.00,-13343.39,-74.32%,20200603.xls
北京赛车,4,17868.60,22717.02,0.00,7.83,-4856.25,-27.18%,20200603.xls
腾讯1.5分彩,7,14981.64,11927.14,0.00,0.00,3054.50,20.39%,20200603.xls
森林舞会,6,11725.00,11672.35,0.00,34.38,18.28,0.16%,20200603.xls
六合秒秒,7,9033.00,6613.79,0.00,57.44,2361.77,26.15%,20200603.xls
江苏快3,13,7675.00,9064.44,0.00,4.29,-1393.73,-18.16%,20200603.xls
红黑大战,9,6910.00,6967.10,0.00,0.84,-57.94,-0.84%,20200603.xls
百人牛牛,7,6520.00,6852.65,0.00,0.00,-332.65,-5.10%,20200603.xls
奔驰宝马,4,6450.00,5959.00,0.00,7.30,483.70,7.50%,20200603.xls
山东11选5,13,4897.36,4013.93,228.00,6.26,877.17,17.91%,20200603.xls
5分彩,3,4508.20,5451.46,0.00,0.00,-943.26,-20.92%,20200603.xls
3分赛车,11,4191.48,1993.17,0.00,1.92,2196.39,52.40%,20200603.xls
江苏11选5,6,3838.00,1367.29,2.00,0.09,2470.62,64.37%,20200603.xls
传统疯狂飞艇,9,3679.00,2144.37,0.00,0.26,1534.37,41.71%,20200603.xls
骰宝,5,3530.00,2934.50,0.00,20.60,574.90,16.29%,20200603.xls
传统欢乐生肖,6,3309.00,2564.20,0.00,25.60,719.20,21.73%,20200603.xls
湖北快3,7,3284.00,826.20,0.00,0.97,2456.83,74.81%,20200603.xls
万人射龙门,3,2895.00,2195.60,200.00,0.00,699.40,24.16%,20200603.xls
广东11选5,11,2250.20,1425.17,168.00,1.41,823.62,36.60%,20200603.xls
万人牛牛,5,2198.00,2547.26,0.00,0.00,-349.26,-15.89%,20200603.xls
安徽快3,8,2165.00,795.36,0.00,2.18,1367.46,63.16%,20200603.xls
1分幸运28,7,2066.00,1822.01,0.00,0.00,243.99,11.81%,20200603.xls
腾讯3分彩,5,2037.60,1284.24,0.00,0.02,753.35,36.97%,20200603.xls
江西11选5,7,1972.00,3239.21,0.00,0.31,-1267.53,-64.28%,20200603.xls
传统3分赛车,3,1756.00,2237.15,0.00,0.00,-481.15,-27.40%,20200603.xls
万人红黑大战,5,1680.00,1582.08,0.00,0.00,97.92,5.83%,20200603.xls
百人三公,3,1500.00,1202.65,0.00,5.10,292.25,19.48%,20200603.xls
5分赛车,7,1464.54,980.92,1.00,1.14,482.48,32.94%,20200603.xls
百家乐,5,1410.00,337.00,0.00,5.00,1068.00,75.74%,20200603.xls
万人炸金花,1,1390.00,1654.80,0.00,0.00,-264.80,-19.05%,20200603.xls
吉林快3,7,1223.00,912.26,280.00,6.45,304.29,24.88%,20200603.xls
射龙门,2,1220.00,1828.70,0.00,0.60,-609.30,-49.94%,20200603.xls
上海快3,7,800.00,1436.71,0.00,0.81,-637.52,-79.69%,20200603.xls
3分彩,1,740.00,925.90,0.00,0.00,-185.90,-25.12%,20200603.xls
上海11选5,7,615.80,247.98,50.00,0.60,367.22,59.63%,20200603.xls
北京快3,6,609.00,316.34,109.00,2.44,290.22,47.66%,20200603.xls
腾讯5分彩,2,540.10,551.60,3900.00,0.00,-11.50,-2.13%,20200603.xls
传统10分赛车,2,483.00,599.94,0.00,0.00,-116.94,-24.21%,20200603.xls
甘肃快3,8,464.00,249.42,50.00,2.51,212.07,45.70%,20200603.xls
广西快3,5,442.00,289.60,0.00,0.91,151.49,34.27%,20200603.xls
飞禽走兽,4,420.00,130.00,0.00,0.00,290.00,69.05%,20200603.xls
传统5分赛车,2,253.00,336.50,0.00,0.00,-83.50,-33.00%,20200603.xls
河北快3,6,208.00,50.96,166.00,0.65,156.39,75.19%,20200603.xls
澳门六合彩,2,194.00,0.00,0.00,0.00,194.00,100.00%,20200603.xls
贵州快3,6,163.00,17.58,0.00,0.18,145.24,89.10%,20200603.xls
梭哈,3,135.00,162.70,0.00,0.00,-27.70,-20.52%,20200603.xls
百人二八杠,2,135.00,59.40,0.00,0.00,75.60,56.00%,20200603.xls
万人百家乐,2,120.00,0.00,0.00,0.08,119.92,99.93%,20200603.xls
台湾宾果,3,118.80,94.41,0.00,0.00,24.39,20.53%,20200603.xls
10分六合,2,71.00,78.80,0.00,0.09,-7.89,-11.11%,20200603.xls
5分六合,2,43.00,48.51,0.00,0.18,-5.69,-13.23%,20200603.xls
百人炸金花,1,40.00,0.00,0.00,0.00,40.00,100.00%,20200603.xls
百人牌九,1,10.00,19.80,0.00,0.00,-9.80,-98.00%,20200603.xls
小计,,8665753.34,8438407.08,236135.48,15303.14,212043.18,2.45%,20200603.xls
1分快3,714,5670895.00,5508223.69,65113.00,10469.14,152202.17,2.68%,20200604.xls
极速快3,166,1311816.00,1259947.86,0.00,4030.70,47837.44,3.65%,20200604.xls
3分快3,149,270426.00,249537.25,10666.00,465.20,20423.56,7.55%,20200604.xls
龙虎斗,44,145195.00,153109.45,0.00,957.07,-8871.52,-6.11%,20200604.xls
欢乐生肖,13,129373.36,158487.30,0.00,0.90,-29114.84,-22.50%,20200604.xls
北京赛车,6,121848.10,131126.42,5500.00,21.94,-9300.26,-7.63%,20200604.xls
1分六合,24,113293.00,106712.97,790.00,0.43,6579.61,5.81%,20200604.xls
传统1分彩,18,94304.00,91348.69,0.00,321.34,2633.97,2.79%,20200604.xls
1分彩,45,89450.24,85975.03,33.70,309.41,3165.80,3.54%,20200604.xls
1分赛车,38,70024.06,70502.29,183.20,118.97,-597.20,-0.85%,20200604.xls
5分快3,49,62723.00,65360.11,488.00,77.15,-2714.26,-4.33%,20200604.xls
万人龙虎,11,59940.00,53831.80,0.00,10.87,6097.33,10.17%,20200604.xls
传统1分赛车,18,56742.00,53618.35,2769.00,42.41,3081.24,5.43%,20200604.xls
腾讯时时彩,30,49424.90,48806.99,127.54,0.35,617.56,1.25%,20200604.xls
六合秒秒,3,41844.00,41402.65,0.00,28.98,412.37,0.99%,20200604.xls
传统北京赛车,7,39732.00,18012.80,4525.00,0.00,21719.20,54.66%,20200604.xls
疯狂飞艇,31,28824.02,29161.78,825.90,29.58,-367.34,-1.27%,20200604.xls
红黑大战,10,24345.00,23494.60,0.00,476.82,373.59,1.53%,20200604.xls
森林舞会,6,20895.00,17191.80,0.00,4.05,3699.15,17.70%,20200604.xls
1分11选5,15,20187.32,18756.61,661.00,23.63,1407.08,6.97%,20200604.xls
腾讯1.5分彩,8,16272.56,13275.05,23.60,0.00,2997.51,18.42%,20200604.xls
山东11选5,9,12788.20,12881.91,1388.00,6.51,-100.22,-0.78%,20200604.xls
安徽快3,17,12778.00,10140.90,0.00,19.89,2617.21,20.48%,20200604.xls
极速赛车,18,11400.52,11489.14,0.00,6.56,-95.18,-0.83%,20200604.xls
传统疯狂飞艇,6,11007.00,7313.05,80.00,9.69,3684.26,33.47%,20200604.xls
3分赛车,14,8589.60,7739.72,433.00,0.00,849.88,9.89%,20200604.xls
百人牛牛,5,7495.00,7400.00,0.00,56.50,38.50,0.51%,20200604.xls
万人牛牛,6,7345.00,6630.66,5.00,2.80,711.54,9.69%,20200604.xls
江苏快3,13,7143.00,8151.04,75.00,3.80,-1011.84,-14.17%,20200604.xls
广西快3,7,6688.00,6695.81,5.00,0.36,-8.17,-0.12%,20200604.xls
梭哈,4,6285.00,6207.60,0.00,0.00,77.40,1.23%,20200604.xls
广东11选5,9,5715.90,5265.20,462.00,0.78,449.92,7.87%,20200604.xls
河北快3,10,5683.00,6547.38,0.00,2.89,-867.27,-15.26%,20200604.xls
传统欢乐生肖,5,5089.00,4724.21,0.00,59.37,305.43,6.00%,20200604.xls
澳门六合彩,6,4895.00,978.00,0.00,1.01,3915.99,80.00%,20200604.xls
腾讯3分彩,6,4885.30,3488.31,151.20,0.36,1396.64,28.59%,20200604.xls
湖北快3,6,4766.00,4037.58,0.00,0.03,728.39,15.28%,20200604.xls
万人射龙门,3,4260.00,4906.25,0.00,0.00,-646.25,-15.17%,20200604.xls
上海快3,5,4013.00,5470.29,5.00,0.06,-1457.35,-36.32%,20200604.xls
贵州快3,8,3579.00,4501.58,0.00,0.44,-923.02,-25.79%,20200604.xls
百家乐,5,3175.00,3078.50,0.00,0.00,96.50,3.04%,20200604.xls
吉林快3,8,3137.00,1722.25,60.00,3.55,1411.20,44.99%,20200604.xls
5分彩,2,2431.10,1382.80,0.00,0.00,1048.30,43.12%,20200604.xls
腾讯5分彩,5,2020.12,1772.10,0.00,0.00,248.02,12.28%,20200604.xls
北京快3,4,1519.00,1930.25,0.00,0.19,-411.44,-27.09%,20200604.xls
甘肃快3,7,1494.00,2040.32,200.00,0.10,-546.42,-36.57%,20200604.xls
江苏11选5,5,1467.74,1318.68,10.00,0.00,149.06,10.16%,20200604.xls
5分赛车,9,1379.60,757.14,636.00,0.60,621.86,45.08%,20200604.xls
传统10分赛车,1,1099.00,1029.60,0.00,0.00,69.40,6.31%,20200604.xls
传统3分赛车,3,1095.00,1213.74,0.00,0.00,-118.74,-10.84%,20200604.xls
万人红黑大战,4,812.00,981.44,0.00,1.17,-170.61,-21.01%,20200604.xls
万人炸金花,1,650.00,768.30,0.00,0.00,-118.30,-18.20%,20200604.xls
江西11选5,6,624.00,1006.24,52.00,0.22,-382.46,-61.29%,20200604.xls
百人二八杠,2,615.00,633.60,0.00,0.00,-18.60,-3.02%,20200604.xls
5分六合,4,551.00,49.58,0.00,0.60,500.82,90.89%,20200604.xls
3分彩,4,493.60,400.57,0.00,0.00,93.03,18.85%,20200604.xls
百人炸金花,2,480.00,386.10,0.00,0.00,93.90,19.56%,20200604.xls
奔驰宝马,1,440.00,396.00,0.00,0.00,44.00,10.00%,20200604.xls
射龙门,2,395.00,219.20,0.00,0.20,175.60,44.46%,20200604.xls
骰宝,4,350.00,297.00,0.00,0.90,52.10,14.89%,20200604.xls
万人百家乐,2,345.00,264.70,0.00,0.22,80.08,23.21%,20200604.xls
上海11选5,8,323.20,473.66,30.00,0.20,-150.67,-46.62%,20200604.xls
百人三公,2,290.00,99.00,0.00,0.00,191.00,65.86%,20200604.xls
传统5分赛车,2,181.00,7.92,0.00,0.00,173.08,95.62%,20200604.xls
1分幸运28,7,107.00,28.80,0.00,0.00,78.20,73.08%,20200604.xls
传统10分快3,1,100.00,195.00,0.00,1.00,-96.00,-96.00%,20200604.xls
决战梭哈,1,35.00,8.10,0.00,0.00,26.90,76.86%,20200604.xls
传统10分彩,1,28.00,27.72,0.00,0.00,0.28,1.00%,20200604.xls
飞禽走兽,1,5.00,0.00,0.00,0.00,5.00,100.00%,20200604.xls
10分六合,1,1.00,1.98,0.00,0.00,-0.98,-98.00%,20200604.xls
小计,,8597603.44,8344942.41,95298.14,17568.94,235092.13,2.73%,20200604.xls
1分快3,721,6337712.00,5905619.18,180628.00,8303.58,423789.24,6.69%,20200605.xls
极速快3,181,702271.00,676957.07,0.00,3444.43,21869.50,3.11%,20200605.xls
龙虎斗,36,282895.00,274641.20,0.00,1214.71,7039.10,2.49%,20200605.xls
3分快3,158,237881.00,241751.10,44131.00,391.42,-4261.52,-1.79%,20200605.xls
欢乐生肖,13,131639.00,115610.40,400.00,0.00,16028.60,12.18%,20200605.xls
传统1分彩,23,118932.00,113226.63,70.00,68.98,5636.40,4.74%,20200605.xls
1分六合,21,87454.00,82488.41,10.00,0.00,4965.59,5.68%,20200605.xls
1分赛车,31,85024.74,86159.69,1374.80,100.44,-1235.39,-1.45%,20200605.xls
1分彩,42,64776.30,65605.29,227.00,378.66,-1207.66,-1.86%,20200605.xls
5分快3,52,50246.00,60367.99,1093.00,26.50,-10148.49,-20.20%,20200605.xls
腾讯时时彩,26,49724.48,44562.84,13.36,0.34,5161.31,10.38%,20200605.xls
极速赛车,23,44091.58,42558.60,0.00,135.10,1397.88,3.17%,20200605.xls
传统1分赛车,14,43206.00,37036.65,2199.00,94.05,6075.30,14.06%,20200605.xls
百家乐,5,40340.00,31002.25,0.00,0.00,9337.75,23.15%,20200605.xls
腾讯1.5分彩,8,30573.38,26605.06,0.00,0.06,3968.26,12.98%,20200605.xls
疯狂飞艇,30,28025.40,29136.05,313.28,9.49,-1120.14,-4.00%,20200605.xls
北京赛车,8,24321.80,15488.99,300.00,1.64,8831.16,36.31%,20200605.xls
山东11选5,10,23539.20,21020.35,932.00,4.80,2514.04,10.68%,20200605.xls
森林舞会,5,19200.00,18093.70,0.00,0.00,1106.30,5.76%,20200605.xls
万人龙虎,15,16360.00,20216.45,0.00,9.16,-3865.61,-23.63%,20200605.xls
江苏11选5,6,11987.00,15708.44,3008.00,0.00,-3721.44,-31.05%,20200605.xls
1分11选5,13,11019.80,11070.76,22.42,16.99,-67.96,-0.62%,20200605.xls
传统北京赛车,4,8588.00,11973.66,0.00,0.00,-3385.66,-39.42%,20200605.xls
传统欢乐生肖,5,7596.00,7351.07,100.00,39.78,205.16,2.70%,20200605.xls
红黑大战,9,7225.00,6397.15,0.00,0.96,826.89,11.44%,20200605.xls
江苏快3,21,7101.00,10622.31,0.00,0.77,-3522.08,-49.60%,20200605.xls
梭哈,2,6590.00,6531.95,0.00,0.00,58.05,0.88%,20200605.xls
万人牛牛,7,6191.00,5822.59,10.00,0.14,368.27,5.95%,20200605.xls
腾讯3分彩,6,6140.32,5418.29,0.00,0.00,722.04,11.76%,20200605.xls
广东11选5,9,5727.64,5769.06,40.00,0.02,-41.44,-0.72%,20200605.xls
3分赛车,9,5272.40,4398.08,0.00,0.13,874.20,16.58%,20200605.xls
百人牛牛,9,4725.00,4526.50,0.00,0.00,198.50,4.20%,20200605.xls
传统疯狂飞艇,2,4477.00,4613.40,0.00,0.00,-136.40,-3.05%,20200605.xls
江西11选5,7,3988.80,6632.16,0.00,0.00,-2643.36,-66.27%,20200605.xls
3分彩,3,3611.00,3033.80,0.00,0.00,577.20,15.98%,20200605.xls
吉林快3,7,3393.00,3841.84,195.00,11.99,-460.83,-13.58%,20200605.xls
万人射龙门,3,2865.00,2711.00,0.00,0.00,154.00,5.38%,20200605.xls
万人炸金花,2,2710.00,3902.10,0.00,0.00,-1192.10,-43.99%,20200605.xls
上海11选5,6,2680.20,2400.16,0.00,0.00,280.04,10.45%,20200605.xls
六合秒秒,5,2364.00,2714.55,0.00,2.82,-353.37,-14.95%,20200605.xls
传统5分赛车,4,1997.00,1999.80,0.00,0.00,-2.80,-0.14%,20200605.xls
安徽快3,12,1987.00,2128.14,330.00,0.35,-141.49,-7.12%,20200605.xls
百人二八杠,1,1940.00,2286.90,0.00,0.00,-346.90,-17.88%,20200605.xls
奔驰宝马,3,1680.00,1410.75,0.00,0.00,269.25,16.03%,20200605.xls
骰宝,6,1175.00,1365.20,0.00,0.00,-190.20,-16.19%,20200605.xls
湖北快3,8,1162.00,611.07,0.00,0.03,550.90,47.41%,20200605.xls
广西快3,9,1139.00,1499.99,2318.00,0.28,-361.27,-31.72%,20200605.xls
传统3分赛车,1,1086.00,1178.10,0.00,0.00,-92.10,-8.48%,20200605.xls
北京快3,6,899.00,1364.22,0.00,0.07,-465.29,-51.76%,20200605.xls
射龙门,2,890.00,306.15,0.00,0.00,583.85,65.60%,20200605.xls
腾讯5分彩,5,776.00,940.69,0.00,0.02,-164.71,-21.23%,20200605.xls
万人红黑大战,5,750.00,1051.98,0.00,0.23,-302.21,-40.29%,20200605.xls
5分六合,2,646.00,1158.93,100.00,0.00,-512.93,-79.40%,20200605.xls
5分赛车,5,458.40,436.59,0.00,0.00,21.81,4.76%,20200605.xls
贵州快3,8,447.00,573.38,0.00,0.05,-126.43,-28.28%,20200605.xls
上海快3,10,406.00,274.71,0.00,3.04,128.26,31.59%,20200605.xls
百人三公,4,405.00,257.40,0.00,0.00,147.60,36.44%,20200605.xls
1分幸运28,6,396.00,167.69,0.00,0.00,228.31,57.65%,20200605.xls
传统10分赛车,2,387.00,386.04,66.00,0.09,0.87,0.22%,20200605.xls
澳门六合彩,2,308.00,880.20,0.00,0.00,-572.20,-185.78%,20200605.xls
河北快3,9,299.00,114.66,1.00,1.94,182.40,61.00%,20200605.xls
甘肃快3,8,290.00,45.54,0.00,0.02,244.44,84.29%,20200605.xls
秒秒彩,2,284.00,373.50,0.00,2.58,-92.08,-32.42%,20200605.xls
百人炸金花,2,215.00,0.00,0.00,0.00,215.00,100.00%,20200605.xls
传统10分快3,1,125.00,37.05,0.00,1.25,86.70,69.36%,20200605.xls
飞禽走兽,2,120.00,240.00,0.00,0.00,-120.00,-100.00%,20200605.xls
万人百家乐,2,115.00,117.95,0.00,0.40,-3.35,-2.91%,20200605.xls
幸运28,1,60.00,0.00,20.00,0.00,60.00,100.00%,20200605.xls
10分六合,1,50.00,0.00,0.00,0.00,50.00,100.00%,20200605.xls
百人德扑,1,40.00,0.00,0.00,0.00,40.00,100.00%,20200605.xls
5分彩,1,16.40,12.87,0.00,0.00,3.53,21.52%,20200605.xls
百人牌九,1,15.00,19.80,0.00,0.00,-4.80,-32.00%,20200605.xls
传统10分彩,1,9.00,17.55,0.00,0.09,-8.64,-96.00%,20200605.xls
小计,,8553037.84,8054843.62,237901.86,14267.40,483926.85,5.66%,20200605.xls
1分快3,725,5966510.00,5788852.48,181879.00,7342.44,170315.08,2.85%,20200606.xls
极速快3,179,1119240.00,1068002.94,0.00,954.97,50282.09,4.49%,20200606.xls
3分快3,149,242723.00,225043.59,2602.00,516.67,17162.74,7.07%,20200606.xls
1分彩,45,158895.52,150913.85,754.12,23.05,7958.63,5.01%,20200606.xls
欢乐生肖,13,136886.00,135203.28,10.00,5.90,1676.82,1.22%,20200606.xls
5分快3,52,122818.00,139889.12,1373.00,183.71,-17254.83,-14.05%,20200606.xls
龙虎斗,45,119425.00,116718.25,20.00,980.73,1726.02,1.45%,20200606.xls
1分赛车,43,86167.90,84279.08,447.40,122.96,1765.86,2.05%,20200606.xls
1分六合,31,68577.00,64304.85,80.00,187.55,4084.60,5.96%,20200606.xls
万人龙虎,13,55865.00,48118.45,0.00,105.19,7641.36,13.68%,20200606.xls
吉林快3,10,45134.00,48281.36,1868.00,2.24,-3149.60,-6.98%,20200606.xls
疯狂飞艇,36,39744.86,36158.17,901.24,84.85,3501.84,8.81%,20200606.xls
山东11选5,10,37311.00,31650.69,305.00,3.06,5657.25,15.16%,20200606.xls
传统1分彩,16,30831.00,27885.81,69.00,25.86,2919.34,9.47%,20200606.xls
腾讯时时彩,24,26420.52,25611.01,4.16,1.50,808.01,3.06%,20200606.xls
极速赛车,27,18819.14,19782.25,0.00,46.99,-1010.10,-5.37%,20200606.xls
红黑大战,10,16465.00,15182.60,0.00,589.67,692.74,4.21%,20200606.xls
百家乐,6,15920.00,15572.80,0.00,0.00,347.20,2.18%,20200606.xls
传统1分赛车,20,12461.00,11759.23,498.00,19.33,682.44,5.48%,20200606.xls
北京赛车,11,11588.00,12714.20,240.48,7.60,-1133.80,-9.78%,20200606.xls
传统欢乐生肖,8,11097.00,12866.11,0.00,53.38,-1822.49,-16.42%,20200606.xls
万人红黑大战,8,10830.00,11103.15,0.00,18.59,-291.74,-2.69%,20200606.xls
1分11选5,14,10416.90,12071.91,10.26,18.93,-1673.94,-16.07%,20200606.xls
梭哈,7,10375.00,10828.20,0.00,0.00,-453.20,-4.37%,20200606.xls
腾讯1.5分彩,7,8980.60,8745.07,0.00,0.00,235.53,2.62%,20200606.xls
江苏快3,17,8895.00,6947.40,600.00,14.99,1932.62,21.73%,20200606.xls
安徽快3,11,8890.00,3661.86,0.00,17.69,5210.46,58.61%,20200606.xls
森林舞会,3,8375.00,7846.80,0.00,0.00,528.20,6.31%,20200606.xls
北京快3,9,7634.00,12845.34,139.00,0.35,-5211.69,-68.27%,20200606.xls
3分赛车,10,5573.40,5119.48,1186.00,1.00,452.92,8.13%,20200606.xls
百人牛牛,7,5335.00,4412.90,0.00,0.00,922.10,17.28%,20200606.xls
江苏11选5,7,5063.20,3778.21,1000.00,0.00,1284.99,25.38%,20200606.xls
江西11选5,7,4979.78,4582.47,0.00,0.00,397.31,7.98%,20200606.xls
广东11选5,7,4377.00,2882.90,110.00,0.00,1494.10,34.14%,20200606.xls
百人三公,4,3990.00,3024.40,0.00,0.00,965.60,24.20%,20200606.xls
澳门六合彩,6,3325.00,146.70,0.00,0.42,3177.88,95.58%,20200606.xls
万人射龙门,3,3185.00,2995.00,0.00,0.00,190.00,5.97%,20200606.xls
传统北京赛车,5,2736.00,3622.83,250.00,0.00,-886.83,-32.41%,20200606.xls
万人炸金花,3,2735.00,2897.10,0.00,0.00,-162.10,-5.93%,20200606.xls
六合秒秒,8,2711.00,2224.72,0.00,3.31,482.97,17.82%,20200606.xls
上海11选5,7,2317.40,1671.62,33.20,0.00,645.79,27.87%,20200606.xls
上海快3,11,2191.00,2569.61,0.00,1.24,-379.85,-17.34%,20200606.xls
万人牛牛,4,2027.00,2168.98,40.00,0.00,-141.98,-7.00%,20200606.xls
骰宝,3,1820.00,1999.80,0.00,0.00,-179.80,-9.88%,20200606.xls
射龙门,4,1680.00,2542.85,0.00,0.20,-863.05,-51.37%,20200606.xls
甘肃快3,7,1564.00,2601.52,0.00,0.31,-1037.83,-66.36%,20200606.xls
5分赛车,7,1431.00,1054.62,0.00,0.36,376.02,26.28%,20200606.xls
传统5分赛车,4,1086.00,1366.20,0.00,0.00,-280.20,-25.80%,20200606.xls
传统疯狂飞艇,3,1058.00,1884.73,0.00,0.36,-827.09,-78.17%,20200606.xls
腾讯3分彩,5,945.30,1250.91,0.00,0.00,-305.61,-32.33%,20200606.xls
湖北快3,9,856.00,740.33,0.00,0.12,115.55,13.50%,20200606.xls
传统3分赛车,4,740.00,751.68,0.00,0.36,-12.04,-1.63%,20200606.xls
3分彩,4,736.20,830.78,0.00,0.00,-94.58,-12.85%,20200606.xls
腾讯5分彩,4,711.42,808.40,0.00,0.00,-96.98,-13.63%,20200606.xls
百人二八杠,3,670.00,544.50,0.00,0.00,125.50,18.73%,20200606.xls
百人炸金花,6,645.00,623.70,0.00,0.00,21.30,3.30%,20200606.xls
贵州快3,7,639.00,33.44,102.00,0.19,605.37,94.74%,20200606.xls
河北快3,9,367.00,90.57,0.00,0.49,275.94,75.19%,20200606.xls
1分幸运28,10,330.00,217.80,0.00,0.00,112.20,34.00%,20200606.xls
奔驰宝马,2,315.00,297.00,0.00,0.00,18.00,5.71%,20200606.xls
传统10分彩,3,296.00,130.68,0.00,0.00,165.32,55.85%,20200606.xls
万人百家乐,2,230.00,293.60,0.00,0.46,-64.06,-27.85%,20200606.xls
飞禽走兽,2,210.00,80.00,0.00,0.00,130.00,61.90%,20200606.xls
百人牌九,1,105.00,128.70,0.00,0.00,-23.70,-22.57%,20200606.xls
广西快3,6,97.00,221.76,0.00,0.17,-124.93,-128.79%,20200606.xls
传统10分赛车,1,92.00,118.80,0.00,0.00,-26.80,-29.13%,20200606.xls
台湾宾果,1,38.00,15.84,0.00,0.00,22.16,58.32%,20200606.xls
传统10分快3,1,20.00,39.60,0.00,0.00,-19.60,-98.00%,20200606.xls
秒秒彩,1,12.00,19.70,0.00,0.00,-7.70,-64.17%,20200606.xls
10分六合,1,7.00,7.92,0.00,0.00,-0.92,-13.14%,20200606.xls
5分六合,1,4.00,5.94,0.00,0.00,-1.94,-48.50%,20200606.xls
小计,,8484546.14,8213638.14,194521.86,11337.19,259570.87,3.06%,20200606.xls
1分快3,728,6455570.00,6153150.60,108529.00,8234.68,294184.71,4.56%,20200607.xls
极速快3,160,899981.00,867793.50,0.00,659.30,31528.20,3.50%,20200607.xls
3分快3,145,288812.00,297223.84,5709.00,565.46,-8977.29,-3.11%,20200607.xls
欢乐生肖,13,244859.80,354667.46,0.00,13.70,-109821.36,-44.85%,20200607.xls
1分赛车,39,131488.06,123479.01,4157.20,193.77,7815.27,5.94%,20200607.xls
龙虎斗,47,93455.00,68396.20,0.00,294.41,24764.40,26.50%,20200607.xls
传统1分彩,20,86489.00,83626.62,0.00,39.38,2823.00,3.26%,20200607.xls
百家乐,8,85975.00,88217.00,0.00,0.00,-2242.00,-2.61%,20200607.xls
1分彩,46,80479.62,76023.84,803.00,942.74,3513.04,4.37%,20200607.xls
万人龙虎,11,67925.00,52801.60,0.00,27.47,15095.93,22.22%,20200607.xls
5分快3,46,61622.00,42290.82,2253.00,103.38,19227.80,31.20%,20200607.xls
疯狂飞艇,31,51835.90,49289.55,1378.36,37.60,2508.75,4.84%,20200607.xls
山东11选5,11,39738.00,37307.49,362.00,2.70,2427.81,6.11%,20200607.xls
森林舞会,4,27155.00,25792.55,0.00,51.13,1311.33,4.83%,20200607.xls
传统1分赛车,19,26013.00,26004.57,249.00,63.15,-54.72,-0.21%,20200607.xls
吉林快3,10,24996.00,24093.38,550.00,6.92,895.70,3.58%,20200607.xls
传统欢乐生肖,9,23590.00,28801.78,160.00,175.80,-5387.58,-22.84%,20200607.xls
腾讯时时彩,34,22707.22,23875.32,3.20,0.00,-1168.10,-5.14%,20200607.xls
极速赛车,24,20209.78,20221.95,0.00,27.47,-39.64,-0.20%,20200607.xls
1分六合,27,20082.00,20082.10,0.00,20.11,-20.21,-0.10%,20200607.xls
1分11选5,13,19262.98,18919.38,1349.54,22.60,321.01,1.67%,20200607.xls
梭哈,6,18725.00,24931.10,0.00,0.00,-6206.10,-33.14%,20200607.xls
贵州快3,8,13891.00,11760.70,320.00,12.73,2117.57,15.24%,20200607.xls
万人红黑大战,5,10210.00,10727.30,50.00,22.38,-539.68,-5.29%,20200607.xls
红黑大战,5,8755.00,8236.85,0.00,13.53,504.62,5.76%,20200607.xls
北京赛车,6,8462.00,8826.50,996.00,0.00,-364.50,-4.31%,20200607.xls
射龙门,3,7420.00,7080.20,0.00,0.00,339.80,4.58%,20200607.xls
万人牛牛,6,6741.00,6921.70,20.00,0.30,-181.00,-2.69%,20200607.xls
江苏11选5,10,5891.60,7728.74,0.00,0.00,-1837.14,-31.18%,20200607.xls
骰宝,7,5870.00,5931.70,0.00,0.00,-61.70,-1.05%,20200607.xls
上海11选5,9,5843.40,5552.81,26.00,2.66,287.93,4.93%,20200607.xls
万人射龙门,2,5270.00,5960.00,210.00,0.00,-690.00,-13.09%,20200607.xls
3分赛车,10,4480.20,6381.05,624.80,0.00,-1900.85,-42.43%,20200607.xls
传统北京赛车,4,4158.00,6116.85,0.00,0.00,-1958.85,-47.11%,20200607.xls
百人三公,4,4025.00,4841.10,0.00,0.00,-816.10,-20.28%,20200607.xls
广东11选5,8,3822.00,3996.60,94.00,2.10,-176.70,-4.62%,20200607.xls
腾讯1.5分彩,4,3549.52,3681.20,16.00,0.00,-131.68,-3.71%,20200607.xls
百人牛牛,4,3530.00,2953.20,0.00,24.40,552.40,15.65%,20200607.xls
澳门六合彩,5,3517.00,342.30,0.00,2.02,3172.68,90.21%,20200607.xls
飞禽走兽,5,3190.00,3139.60,0.00,0.00,50.40,1.58%,20200607.xls
江苏快3,10,2621.00,3140.64,193.00,3.93,-523.57,-19.98%,20200607.xls
5分彩,1,2520.00,2758.00,0.00,0.00,-238.00,-9.44%,20200607.xls
六合秒秒,5,2515.00,2590.38,0.00,25.49,-100.87,-4.01%,20200607.xls
百人牌九,4,2395.00,1474.80,0.00,0.00,920.20,38.42%,20200607.xls
5分赛车,7,2167.00,2279.96,10.00,0.00,-112.96,-5.21%,20200607.xls
安徽快3,6,2023.00,915.22,0.00,3.75,1104.03,54.57%,20200607.xls
传统5分赛车,2,1144.00,1267.20,100.00,0.00,-123.20,-10.77%,20200607.xls
万人炸金花,2,1080.00,1359.60,0.00,0.00,-279.60,-25.89%,20200607.xls
江西11选5,5,1044.00,413.82,20.00,0.00,630.18,60.36%,20200607.xls
万人百家乐,2,920.00,861.00,0.00,0.12,58.88,6.40%,20200607.xls
万人德扑,1,800.00,1188.00,0.00,0.00,-388.00,-48.50%,20200607.xls
湖北快3,8,723.00,150.92,0.00,1.68,570.40,78.89%,20200607.xls
腾讯3分彩,5,722.32,822.45,5.00,0.00,-100.13,-13.86%,20200607.xls
河北快3,8,713.00,1109.02,0.00,1.16,-397.18,-55.71%,20200607.xls
北京快3,5,537.00,0.00,0.00,0.02,536.98,100.00%,20200607.xls
上海快3,6,529.00,267.30,0.00,0.04,261.66,49.46%,20200607.xls
传统10分彩,3,485.00,420.41,44.00,0.00,64.59,13.32%,20200607.xls
传统10分赛车,1,466.00,475.20,0.00,0.00,-9.20,-1.97%,20200607.xls
传统3分赛车,3,407.00,316.80,0.00,0.00,90.20,22.16%,20200607.xls
甘肃快3,4,376.00,1748.08,1.00,0.00,-1372.08,-364.91%,20200607.xls
广西快3,5,247.00,280.50,0.00,0.25,-33.75,-13.66%,20200607.xls
1分幸运28,7,243.00,127.57,0.00,0.00,115.43,47.50%,20200607.xls
5分六合,3,235.00,296.95,0.00,0.00,-61.95,-26.36%,20200607.xls
传统疯狂飞艇,4,185.00,267.90,0.00,2.04,-84.94,-45.91%,20200607.xls
腾讯5分彩,5,153.40,123.84,268.80,0.00,29.56,19.27%,20200607.xls
百人炸金花,1,140.00,178.20,0.00,0.00,-38.20,-27.29%,20200607.xls
奔驰宝马,2,120.00,49.50,0.00,0.00,70.50,58.75%,20200607.xls
百人二八杠,2,70.00,237.60,0.00,0.00,-167.60,-239.43%,20200607.xls
3分彩,2,20.60,21.68,0.00,0.00,-1.08,-5.24%,20200607.xls
秒秒彩,1,8.00,0.00,0.00,0.00,8.00,100.00%,20200607.xls
10分六合,1,1.00,0.00,0.00,0.00,1.00,100.00%,20200607.xls
台湾宾果,1,0.48,0.00,0.00,0.00,0.48,100.00%,20200607.xls
小计,,8925207.88,8642310.60,128501.90,11600.37,271296.93,3.04%,20200607.xls
1分快3,750,4938879.00,4722763.63,81211.00,13564.79,202550.59,4.10%,20200608.xls
极速快3,151,866279.00,840777.71,0.00,892.88,24608.42,2.84%,20200608.xls
3分快3,165,333953.00,332518.81,9175.00,620.96,813.23,0.24%,20200608.xls
欢乐生肖,14,220298.00,307327.54,750.00,5.10,-87034.64,-39.51%,20200608.xls
5分快3,47,145317.00,160207.86,6130.00,571.53,-15462.39,-10.64%,20200608.xls
1分彩,53,95651.68,90521.86,305.32,354.21,4775.61,4.99%,20200608.xls
龙虎斗,37,86610.00,83124.85,0.00,111.22,3373.93,3.90%,20200608.xls
传统1分赛车,18,61907.00,57058.72,150.00,19.55,4828.73,7.80%,20200608.xls
山东11选5,8,58076.40,50751.04,4028.00,2.52,7322.84,12.61%,20200608.xls
疯狂飞艇,38,48888.64,45829.21,270.00,85.12,2974.31,6.08%,20200608.xls
传统1分彩,19,46006.00,44485.87,130.00,24.28,1495.85,3.25%,20200608.xls
1分六合,25,44786.00,43188.83,148.00,60.21,1536.96,3.43%,20200608.xls
腾讯1.5分彩,10,44383.62,34462.86,520.00,0.00,9920.76,22.35%,20200608.xls
百家乐,5,40335.00,48241.25,0.00,0.00,-7906.25,-19.60%,20200608.xls
1分赛车,36,25958.38,23311.87,1.00,32.65,2613.86,10.07%,20200608.xls
传统欢乐生肖,5,24361.00,25314.73,0.00,183.01,-1136.74,-4.67%,20200608.xls
腾讯时时彩,31,21144.56,19038.82,20.00,16.24,2089.49,9.88%,20200608.xls
1分11选5,15,18185.80,19299.82,147.06,1.29,-1115.31,-6.13%,20200608.xls
万人龙虎,13,18045.00,15822.20,0.00,11.70,2211.10,12.25%,20200608.xls
梭哈,7,16660.00,16020.00,0.00,0.00,640.00,3.84%,20200608.xls
秒秒彩,2,14206.00,14675.52,0.00,0.78,-470.30,-3.31%,20200608.xls
百人牛牛,7,12300.00,11959.40,0.00,25.25,315.35,2.56%,20200608.xls
极速赛车,18,12299.36,13806.02,0.00,27.87,-1534.54,-12.48%,20200608.xls
北京赛车,8,10253.22,11315.40,1040.00,0.00,-1062.18,-10.36%,20200608.xls
森林舞会,5,9750.00,9075.50,0.00,3.30,671.20,6.88%,20200608.xls
传统北京赛车,5,9080.00,10547.24,0.00,0.00,-1467.24,-16.16%,20200608.xls
广东11选5,4,8728.60,9004.30,0.00,0.00,-275.70,-3.16%,20200608.xls
百人牌九,2,7650.00,4979.30,0.00,0.00,2670.70,34.91%,20200608.xls
万人牛牛,5,7299.00,7578.66,110.00,0.00,-279.66,-3.83%,20200608.xls
江苏11选5,5,6900.00,7376.78,336.00,0.00,-476.78,-6.91%,20200608.xls
江西11选5,4,6776.00,5161.86,504.00,0.00,1614.14,23.82%,20200608.xls
红黑大战,10,6270.00,6314.40,0.00,5.10,-49.50,-0.79%,20200608.xls
奔驰宝马,1,5600.00,5989.50,0.00,0.00,-389.50,-6.96%,20200608.xls
上海11选5,5,4315.20,3573.01,504.00,0.00,742.19,17.20%,20200608.xls
六合秒秒,4,4235.00,3574.46,0.00,27.52,633.02,14.95%,20200608.xls
吉林快3,6,4067.00,4941.49,260.00,5.86,-880.35,-21.65%,20200608.xls
安徽快3,12,4066.00,2707.96,72.00,1.37,1356.67,33.37%,20200608.xls
骰宝,6,3170.00,3137.60,0.00,0.05,32.35,1.02%,20200608.xls
江苏快3,14,3129.00,4292.92,60.00,1.10,-1165.02,-37.23%,20200608.xls
万人射龙门,2,3020.00,3545.50,0.00,0.00,-525.50,-17.40%,20200608.xls
腾讯3分彩,3,3000.30,3349.00,0.00,0.00,-348.70,-11.62%,20200608.xls
上海快3,9,2669.00,2401.74,586.00,0.12,267.14,10.01%,20200608.xls
澳门六合彩,3,2241.00,471.56,0.00,1.84,1767.60,78.88%,20200608.xls
3分彩,4,1828.00,2639.80,0.00,1.15,-812.95,-44.47%,20200608.xls
百人二八杠,3,1820.00,2352.20,0.00,0.00,-532.20,-29.24%,20200608.xls
传统3分赛车,3,1807.00,1544.40,0.00,0.00,262.60,14.53%,20200608.xls
湖北快3,8,1776.00,3432.78,17.00,1.29,-1658.07,-93.36%,20200608.xls
万人红黑大战,4,1666.00,1786.80,0.00,3.78,-124.58,-7.48%,20200608.xls
5分彩,3,1650.24,2620.20,0.00,0.00,-969.96,-58.78%,20200608.xls
贵州快3,6,1350.00,2094.36,0.00,0.05,-744.41,-55.14%,20200608.xls
万人炸金花,3,1285.00,2452.95,0.00,0.00,-1167.95,-90.89%,20200608.xls
5分赛车,5,1226.00,1203.79,8.00,0.00,22.21,1.81%,20200608.xls
河北快3,6,1219.00,2205.48,1.00,3.53,-990.01,-81.21%,20200608.xls
甘肃快3,3,1027.00,39.60,100.00,0.07,987.33,96.14%,20200608.xls
腾讯5分彩,4,902.60,773.18,0.00,0.11,129.31,14.33%,20200608.xls
广西快3,6,895.00,833.58,150.00,0.02,61.40,6.86%,20200608.xls
射龙门,3,750.00,529.45,0.00,0.00,220.55,29.41%,20200608.xls
飞禽走兽,3,750.00,318.30,0.00,0.00,431.70,57.56%,20200608.xls
北京快3,6,725.00,690.40,141.00,0.67,33.93,4.68%,20200608.xls
3分赛车,9,584.32,791.45,0.00,0.00,-207.13,-35.45%,20200608.xls
百人三公,1,405.00,534.60,0.00,0.00,-129.60,-32.00%,20200608.xls
百人炸金花,2,315.00,237.60,0.00,0.15,77.25,24.52%,20200608.xls
传统5分赛车,2,270.00,148.50,0.00,0.00,121.50,45.00%,20200608.xls
1分幸运28,4,220.00,341.02,0.00,0.00,-121.02,-55.01%,20200608.xls
传统疯狂飞艇,4,169.00,87.12,0.00,1.25,80.63,47.71%,20200608.xls
万人百家乐,2,80.00,80.00,0.00,0.04,-0.04,-0.05%,20200608.xls
北京快乐8,1,20.00,0.00,0.00,0.00,20.00,100.00%,20200608.xls
5分六合,1,12.00,0.00,12.00,0.00,12.00,100.00%,20200608.xls
小计,,7329501.92,7157584.16,106886.38,16669.53,155248.23,2.12%,20200608.xls
1分快3,732,4959033.00,4723487.85,50500.00,7319.22,228225.93,4.60%,20200609.xls
极速快3,172,1263407.00,1223770.29,0.00,1000.41,38636.31,3.06%,20200609.xls
3分快3,172,433184.00,427436.91,31532.00,448.97,5298.12,1.22%,20200609.xls
百家乐,10,412620.00,384418.85,0.00,0.18,28200.98,6.83%,20200609.xls
欢乐生肖,13,308011.22,247428.30,300.00,7.10,60575.82,19.67%,20200609.xls
5分快3,55,136802.00,141684.51,375.00,135.94,-5018.45,-3.67%,20200609.xls
龙虎斗,44,106720.00,97158.60,0.00,504.07,9057.33,8.49%,20200609.xls
1分六合,28,71466.00,68383.00,533.00,11.77,3071.23,4.30%,20200609.xls
1分彩,46,66719.96,62001.85,31.80,87.76,4630.35,6.94%,20200609.xls
万人牛牛,6,58529.00,57845.49,910.00,0.00,683.51,1.17%,20200609.xls
山东11选5,8,50815.68,50847.31,2286.00,1.32,-32.95,-0.06%,20200609.xls
1分赛车,30,49045.32,47329.20,573.00,59.37,1656.75,3.38%,20200609.xls
疯狂飞艇,35,46829.06,47111.83,1356.00,6.23,-289.00,-0.62%,20200609.xls
森林舞会,5,35945.00,33759.85,0.00,94.50,2090.65,5.82%,20200609.xls
百人牛牛,9,31990.00,25602.50,0.00,166.35,6221.15,19.45%,20200609.xls
传统1分彩,14,29122.00,28424.22,33.00,75.55,622.24,2.14%,20200609.xls
万人炸金花,1,25050.00,23403.60,0.00,0.00,1646.40,6.57%,20200609.xls
腾讯1.5分彩,7,23407.12,24833.07,20.00,0.00,-1425.95,-6.09%,20200609.xls
秒秒彩,3,23238.00,19911.21,0.00,0.00,3326.79,14.32%,20200609.xls
腾讯时时彩,26,20238.16,23993.54,73.76,0.00,-3755.38,-18.56%,20200609.xls
传统北京赛车,6,17960.00,12034.85,360.00,0.54,5924.61,32.99%,20200609.xls
极速赛车,21,15423.92,14115.93,0.00,84.16,1223.83,7.93%,20200609.xls
传统1分赛车,12,14629.00,15232.30,414.00,0.00,-603.30,-4.12%,20200609.xls
传统欢乐生肖,6,12477.00,13009.59,0.00,117.86,-650.45,-5.21%,20200609.xls
江苏11选5,8,12401.00,1404.81,9888.00,0.00,10996.19,88.67%,20200609.xls
梭哈,8,11715.00,11125.70,0.00,2.90,586.40,5.01%,20200609.xls
江苏快3,14,11664.00,11270.68,100.00,4.69,388.63,3.33%,20200609.xls
1分11选5,14,11107.56,11042.93,377.00,3.15,61.48,0.55%,20200609.xls
万人龙虎,9,8890.00,11410.85,0.00,7.10,-2527.95,-28.44%,20200609.xls
射龙门,6,8110.00,9221.85,0.00,106.25,-1218.10,-15.02%,20200609.xls
红黑大战,14,8010.00,6940.05,0.00,8.28,1061.68,13.25%,20200609.xls
北京赛车,8,7357.68,6547.23,920.00,5.70,804.75,10.94%,20200609.xls
六合秒秒,8,6201.00,5818.91,0.00,50.83,331.26,5.34%,20200609.xls
安徽快3,16,5615.00,8234.82,50.00,4.52,-2624.34,-46.74%,20200609.xls
广东11选5,6,4608.40,6659.56,150.00,0.00,-2051.16,-44.51%,20200609.xls
传统疯狂飞艇,7,4366.00,5003.78,0.00,2.00,-639.78,-14.65%,20200609.xls
3分彩,2,4156.20,2836.80,0.00,0.00,1319.40,31.75%,20200609.xls
百人三公,6,3740.00,4608.90,0.00,0.00,-868.90,-23.23%,20200609.xls
澳门六合彩,3,3550.00,11149.20,0.00,0.00,-7599.20,-214.06%,20200609.xls
骰宝,8,3470.00,3354.30,0.00,3.60,112.10,3.23%,20200609.xls
腾讯3分彩,3,2889.20,3429.20,0.00,0.00,-540.00,-18.69%,20200609.xls
万人射龙门,2,2630.00,2410.90,0.00,0.00,219.10,8.33%,20200609.xls
5分赛车,5,2391.00,2546.28,0.00,0.00,-155.28,-6.49%,20200609.xls
1分幸运28,7,1922.00,1224.67,0.00,0.00,697.33,36.28%,20200609.xls
上海快3,6,1906.00,2148.30,60.00,0.03,-242.33,-12.71%,20200609.xls
百人牌九,2,1875.00,1303.80,0.00,0.00,571.20,30.46%,20200609.xls
上海11选5,5,1838.40,1391.72,0.00,0.00,446.69,24.30%,20200609.xls
奔驰宝马,8,1330.00,717.75,0.00,0.15,612.10,46.02%,20200609.xls
湖北快3,9,1009.00,127.86,2.00,0.78,880.36,87.25%,20200609.xls
广西快3,6,957.00,1245.42,2.00,0.83,-289.25,-30.22%,20200609.xls
万人红黑大战,7,807.00,790.18,0.00,1.56,15.27,1.89%,20200609.xls
吉林快3,8,760.00,380.28,89.00,5.71,374.01,49.21%,20200609.xls
飞禽走兽,4,680.00,358.15,0.00,9.53,312.33,45.93%,20200609.xls
江西11选5,1,675.00,163.35,0.00,0.00,511.65,75.80%,20200609.xls
北京快3,8,512.00,517.99,1.00,0.16,-6.15,-1.20%,20200609.xls
河北快3,3,478.00,0.00,14.00,0.79,477.21,99.83%,20200609.xls
传统5分赛车,2,450.00,694.98,0.00,0.00,-244.98,-54.44%,20200609.xls
百人德扑,4,405.00,207.40,0.00,1.00,196.60,48.54%,20200609.xls
传统10分赛车,2,308.00,0.00,0.00,0.85,307.16,99.73%,20200609.xls
3分赛车,5,307.78,365.67,0.00,1.44,-59.33,-19.28%,20200609.xls
传统3分赛车,3,301.00,447.73,0.00,0.00,-146.73,-48.75%,20200609.xls
百人二八杠,1,280.00,178.20,0.00,0.00,101.80,36.36%,20200609.xls
甘肃快3,7,261.00,415.80,1.00,0.09,-154.89,-59.34%,20200609.xls
传统10分彩,2,257.00,0.00,0.00,1.27,255.73,99.51%,20200609.xls
贵州快3,2,203.00,0.00,0.00,0.03,202.97,99.99%,20200609.xls
百人炸金花,2,115.00,0.00,0.00,0.00,115.00,100.00%,20200609.xls
万人百家乐,1,30.00,0.00,0.00,0.00,30.00,100.00%,20200609.xls
腾讯5分彩,2,22.80,4.88,0.00,0.03,17.90,78.51%,20200609.xls
10分六合,1,5.00,0.00,0.00,0.00,5.00,100.00%,20200609.xls
小计,,8353229.46,7950925.53,100951.56,10344.57,391959.45,4.69%,20200609.xls
1分快3,754,5810158.00,5530218.48,66737.00,11080.94,268858.58,4.63%,20200610.xls
极速快3,162,1188692.00,1138381.48,0.00,1370.85,48939.68,4.12%,20200610.xls
欢乐生肖,16,377986.96,348319.60,20000.00,6.39,29660.97,7.85%,20200610.xls
3分快3,163,342166.00,330937.84,14315.00,350.55,10877.61,3.18%,20200610.xls
5分快3,49,169550.00,206715.15,1444.00,482.97,-37648.12,-22.20%,20200610.xls
百人牛牛,9,117530.00,111904.90,0.00,21.83,5603.28,4.77%,20200610.xls
龙虎斗,48,102340.00,99716.20,0.00,444.30,2179.50,2.13%,20200610.xls
疯狂飞艇,31,90384.66,86732.64,3842.56,6.08,3645.95,4.03%,20200610.xls
百家乐,8,79770.00,58295.45,0.00,0.20,21474.35,26.92%,20200610.xls
1分六合,26,76166.00,73212.57,48.00,5.60,2947.83,3.87%,20200610.xls
1分彩,46,73115.48,72482.67,21.08,106.80,526.02,0.72%,20200610.xls
1分赛车,33,58682.30,52904.84,143.00,24.42,5753.03,9.80%,20200610.xls
极速赛车,20,42504.82,37594.35,0.00,36.13,4874.34,11.47%,20200610.xls
红黑大战,13,39810.00,40759.10,0.00,0.33,-949.43,-2.38%,20200610.xls
腾讯时时彩,30,38981.44,38102.78,344.00,0.00,878.66,2.25%,20200610.xls
传统1分彩,16,35530.00,32916.05,32.00,23.04,2590.91,7.29%,20200610.xls
北京赛车,9,34431.00,45086.16,52.00,12.80,-10667.96,-30.98%,20200610.xls
传统1分赛车,13,32943.00,28314.66,1158.00,0.60,4627.74,14.05%,20200610.xls
森林舞会,8,32355.00,29381.80,0.00,61.68,2911.53,9.00%,20200610.xls
万人龙虎,11,28605.00,19129.30,0.00,3.25,9472.45,33.11%,20200610.xls
山东11选5,12,26681.20,45536.23,450.20,0.00,-18855.03,-70.67%,20200610.xls
腾讯1.5分彩,12,26586.68,29045.44,0.50,0.00,-2458.76,-9.25%,20200610.xls
1分11选5,14,14413.38,13320.39,450.88,3.93,1089.07,7.56%,20200610.xls
梭哈,9,14200.00,14643.75,0.00,48.90,-492.65,-3.47%,20200610.xls
万人牛牛,8,14175.00,12559.15,0.00,0.00,1615.85,11.40%,20200610.xls
3分赛车,12,13835.36,12376.13,3528.00,0.30,1458.93,10.54%,20200610.xls
江西11选5,8,10729.00,923.47,0.00,0.00,9805.53,91.39%,20200610.xls
1分幸运28,8,8987.00,8453.31,5.00,0.00,533.69,5.94%,20200610.xls
澳门六合彩,5,7501.00,6966.90,0.00,325.00,209.10,2.79%,20200610.xls
万人炸金花,2,6950.00,7860.30,0.00,0.00,-910.30,-13.10%,20200610.xls
传统欢乐生肖,4,6671.00,7970.40,45.00,48.88,-1348.28,-20.21%,20200610.xls
传统北京赛车,7,6433.00,8852.03,0.00,1.79,-2420.82,-37.63%,20200610.xls
广东11选5,227,5845.12,8330.51,282.00,7.08,-2492.48,-42.64%,20200610.xls
5分赛车,7,4555.20,4334.98,0.00,30.10,190.12,4.17%,20200610.xls
安徽快3,11,4292.00,4934.16,20.00,0.31,-642.47,-14.97%,20200610.xls
飞禽走兽,3,4090.00,4515.30,0.00,0.60,-425.90,-10.41%,20200610.xls
六合秒秒,6,4058.00,2891.91,0.00,14.55,1151.54,28.38%,20200610.xls
腾讯5分彩,5,3833.20,3805.38,0.00,0.00,27.82,0.73%,20200610.xls
江苏11选5,9,3769.92,4007.22,10.00,0.14,-237.44,-6.30%,20200610.xls
传统疯狂飞艇,7,3568.00,4590.75,0.00,2.36,-1025.11,-28.73%,20200610.xls
腾讯3分彩,4,3148.40,2482.20,0.00,0.00,666.21,21.16%,20200610.xls
秒秒彩,2,2884.00,3589.23,0.00,0.00,-705.23,-24.45%,20200610.xls
江苏快3,15,2695.00,4148.40,101.00,2.84,-1456.24,-54.03%,20200610.xls
骰宝,7,2555.00,2656.60,0.00,8.05,-109.65,-4.29%,20200610.xls
万人射龙门,1,2410.00,3631.00,0.00,0.00,-1221.00,-50.66%,20200610.xls
上海快3,6,2398.00,3652.02,8.00,0.01,-1254.03,-52.29%,20200610.xls
3分彩,5,2182.20,2645.05,0.00,1.16,-464.01,-21.26%,20200610.xls
万人百家乐,4,1420.00,1053.35,0.00,0.04,366.61,25.82%,20200610.xls
北京快3,6,1048.00,1892.88,0.00,0.09,-844.97,-80.63%,20200610.xls
上海11选5,7,987.60,2314.13,74.00,0.00,-1326.53,-134.32%,20200610.xls
百人德扑,2,940.00,871.20,0.00,0.00,68.80,7.32%,20200610.xls
万人红黑大战,3,881.00,1124.98,0.00,2.30,-246.28,-27.95%,20200610.xls
5分彩,3,874.00,948.88,0.00,1.30,-76.18,-8.72%,20200610.xls
百人三公,3,810.00,1135.50,0.00,0.00,-325.50,-40.19%,20200610.xls
传统5分赛车,3,786.00,924.96,0.00,0.84,-139.80,-17.79%,20200610.xls
甘肃快3,6,782.00,1490.94,440.00,0.00,-708.94,-90.66%,20200610.xls
吉林快3,7,752.00,817.35,3.00,6.48,-71.83,-9.55%,20200610.xls
贵州快3,4,734.00,1386.00,15.00,0.00,-652.00,-88.83%,20200610.xls
湖北快3,7,686.00,595.98,8.00,0.01,90.01,13.12%,20200610.xls
传统10分彩,3,580.00,669.83,0.00,2.81,-92.64,-15.97%,20200610.xls
河北快3,3,577.00,0.00,0.00,0.00,577.00,100.00%,20200610.xls
传统10分快3,1,485.00,0.00,0.00,2.43,482.58,99.50%,20200610.xls
奔驰宝马,3,420.00,271.75,0.00,0.35,147.90,35.21%,20200610.xls
传统10分赛车,4,288.00,451.94,0.00,0.72,-164.66,-57.17%,20200610.xls
传统3分赛车,3,271.00,47.52,0.00,3.00,220.48,81.36%,20200610.xls
广西快3,3,245.00,239.58,0.00,0.03,5.39,2.20%,20200610.xls
百人牌九,2,195.00,132.30,0.00,1.50,61.20,31.38%,20200610.xls
百人二八杠,2,185.00,99.00,0.00,0.00,86.00,46.49%,20200610.xls
射龙门,3,170.00,159.40,0.00,0.00,10.60,6.24%,20200610.xls
幸运28,1,18.00,12.00,0.00,0.00,6.00,33.33%,20200610.xls
百人炸金花,1,10.00,0.00,0.00,0.10,9.90,99.00%,20200610.xls
5分六合,1,2.00,4.18,0.00,0.00,-2.18,-109.00%,20200610.xls
小计,,8995294.92,8626471.88,113577.22,14556.76,354266.34,3.94%,20200610.xls
1分快3,745,4955730.00,4726424.78,56342.00,8708.41,220596.81,4.45%,20200611.xls
极速快3,161,1312841.00,1268389.35,0.00,2732.10,41719.55,3.18%,20200611.xls
3分快3,149,438062.00,406858.20,57453.00,245.93,30957.87,7.07%,20200611.xls
欢乐生肖,17,391342.00,460107.92,1020.00,6.14,-68772.06,-17.57%,20200611.xls
龙虎斗,46,257300.00,257363.90,0.00,3189.60,-3253.50,-1.26%,20200611.xls
1分彩,51,139399.66,131140.90,162.80,31.20,8227.56,5.90%,20200611.xls
1分赛车,32,126324.16,124013.05,518.00,26.22,2284.90,1.81%,20200611.xls
5分快3,46,123750.00,120101.21,11967.00,99.81,3548.98,2.87%,20200611.xls
1分六合,31,59368.00,69531.38,16.00,11.82,-10175.20,-17.14%,20200611.xls
北京赛车,9,56182.00,47701.17,0.00,0.00,8480.83,15.10%,20200611.xls
疯狂飞艇,29,48734.36,50144.39,443.96,25.53,-1435.56,-2.95%,20200611.xls
百人牛牛,8,43815.00,42492.40,0.00,5.90,1316.70,3.01%,20200611.xls
百家乐,8,41610.00,47568.00,0.00,2.33,-5960.33,-14.32%,20200611.xls
传统1分彩,18,41598.00,45316.13,8.00,49.77,-3767.91,-9.06%,20200611.xls
传统1分赛车,13,38913.00,39837.12,2325.00,17.66,-941.78,-2.42%,20200611.xls
腾讯时时彩,31,34914.84,32010.06,47.90,0.00,2904.78,8.32%,20200611.xls
万人龙虎,10,21450.00,18606.50,100.00,18.06,2825.44,13.17%,20200611.xls
腾讯1.5分彩,8,20947.14,20168.20,0.00,0.00,778.94,3.72%,20200611.xls
广东11选5,492,12496.50,12495.42,52.00,7.99,-6.91,-0.06%,20200611.xls
1分11选5,19,11830.64,12740.70,329.62,42.29,-952.35,-8.05%,20200611.xls
5分彩,3,11652.64,12275.18,520.00,1.94,-624.48,-5.36%,20200611.xls
传统北京赛车,6,11343.00,17205.70,359.00,1.56,-5864.26,-51.70%,20200611.xls
极速赛车,21,10939.78,10708.16,0.00,77.12,154.50,1.41%,20200611.xls
3分赛车,12,10794.98,9787.81,0.00,8.40,998.77,9.25%,20200611.xls
梭哈,9,9815.00,6851.20,0.00,16.25,2947.55,30.03%,20200611.xls
澳门六合彩,4,8787.00,537.90,0.00,1.00,8248.10,93.87%,20200611.xls
万人炸金花,4,8565.00,9722.85,0.00,0.00,-1157.85,-13.52%,20200611.xls
1分幸运28,12,7881.00,8359.73,0.00,0.00,-478.73,-6.07%,20200611.xls
森林舞会,4,7590.00,7208.60,0.00,112.10,269.30,3.55%,20200611.xls
江苏快3,10,7038.00,6787.42,30.00,0.63,249.95,3.55%,20200611.xls
安徽快3,14,7011.00,7289.56,808.00,0.53,-279.09,-3.98%,20200611.xls
湖北快3,9,6473.00,8313.80,16.00,0.06,-1840.86,-28.44%,20200611.xls
万人红黑大战,4,6042.00,4637.40,270.00,17.54,1387.07,22.96%,20200611.xls
山东11选5,11,5723.40,5194.93,454.00,0.95,527.52,9.22%,20200611.xls
传统欢乐生肖,2,5571.00,2279.50,0.00,38.57,3252.94,58.39%,20200611.xls
红黑大战,7,5525.00,5237.80,0.00,5.39,281.81,5.10%,20200611.xls
骰宝,9,5315.00,5704.35,0.00,48.88,-438.23,-8.25%,20200611.xls
甘肃快3,8,5197.00,6621.07,180.00,0.02,-1424.09,-27.40%,20200611.xls
河北快3,12,4880.00,5295.70,411.00,0.55,-416.25,-8.53%,20200611.xls
北京快3,11,4658.00,2856.96,222.00,0.09,1800.96,38.66%,20200611.xls
秒秒彩,4,4400.00,4510.77,0.00,0.80,-111.57,-2.54%,20200611.xls
腾讯5分彩,2,4240.00,3999.10,0.00,0.00,240.90,5.68%,20200611.xls
腾讯3分彩,3,4101.60,3092.90,0.00,0.00,1008.70,24.59%,20200611.xls
传统疯狂飞艇,6,4025.00,2854.96,0.00,3.53,1166.51,28.98%,20200611.xls
万人射龙门,2,3475.00,3260.40,0.00,0.00,214.60,6.18%,20200611.xls
贵州快3,12,2596.00,4212.42,92.00,0.02,-1616.44,-62.27%,20200611.xls
吉林快3,8,2446.00,969.54,80.00,5.76,1470.70,60.13%,20200611.xls
上海11选5,8,1682.20,1429.86,0.00,0.60,251.75,14.97%,20200611.xls
飞禽走兽,5,1535.00,1910.40,0.00,5.66,-381.06,-24.82%,20200611.xls
奔驰宝马,3,1510.00,1230.90,0.00,4.25,274.85,18.20%,20200611.xls
江苏11选5,6,1474.00,2199.78,0.00,0.00,-725.78,-49.24%,20200611.xls
3分彩,6,1385.88,1996.27,0.00,0.58,-610.96,-44.08%,20200611.xls
上海快3,7,1362.00,1808.70,0.00,0.12,-446.82,-32.81%,20200611.xls
百人三公,2,1355.00,602.40,0.00,0.00,752.60,55.54%,20200611.xls
5分赛车,9,1146.52,1088.22,0.00,6.10,52.20,4.55%,20200611.xls
六合秒秒,7,886.00,735.74,0.00,0.15,150.11,16.94%,20200611.xls
百人炸金花,5,880.00,675.75,0.00,10.50,193.75,22.02%,20200611.xls
射龙门,4,870.00,806.30,0.00,0.00,63.70,7.32%,20200611.xls
广西快3,6,834.00,986.04,0.00,0.00,-152.04,-18.23%,20200611.xls
传统5分赛车,2,721.00,396.00,0.00,2.40,322.61,44.74%,20200611.xls
传统10分彩,3,719.00,1385.50,0.00,7.74,-674.24,-93.77%,20200611.xls
江西11选5,7,614.20,538.19,60.00,0.00,76.01,12.38%,20200611.xls
百人牌九,2,545.00,301.65,0.00,0.00,243.35,44.65%,20200611.xls
百人德扑,2,520.00,168.80,0.00,0.00,351.20,67.54%,20200611.xls
万人牛牛,6,497.00,441.28,0.00,0.99,54.73,11.01%,20200611.xls
幸运28,2,304.00,396.25,0.00,0.00,-92.25,-30.35%,20200611.xls
传统10分赛车,3,215.00,231.03,0.00,1.47,-17.49,-8.13%,20200611.xls
5分六合,3,156.00,94.30,0.00,5.60,56.10,35.96%,20200611.xls
传统3分赛车,1,141.00,109.96,0.00,5.64,25.41,18.02%,20200611.xls
百人二八杠,1,120.00,0.00,0.00,0.00,120.00,100.00%,20200611.xls
万人百家乐,2,25.00,20.00,0.00,0.00,5.00,20.00%,20200611.xls
小计,,8372191.50,8118339.81,134287.28,15614.25,238237.52,2.85%,20200611.xls
1分快3,733,5087651.00,4772801.38,71991.00,13200.50,301649.12,5.93%,20200612.xls
极速快3,166,2133424.00,2060799.63,0.00,1099.99,71524.39,3.35%,20200612.xls
3分快3,149,335745.00,319907.31,8298.00,365.23,15472.46,4.61%,20200612.xls
欢乐生肖,13,303714.00,353955.58,7257.00,7.05,-50248.63,-16.54%,20200612.xls
1分赛车,37,124726.70,117125.45,436.00,5.76,7595.49,6.09%,20200612.xls
5分快3,45,114115.00,119238.00,2906.00,67.57,-5190.57,-4.55%,20200612.xls
百家乐,4,106555.00,94741.95,0.00,0.70,11812.35,11.09%,20200612.xls
疯狂飞艇,28,100740.96,96862.50,90.60,3.81,3874.65,3.85%,20200612.xls
龙虎斗,38,96665.00,93195.00,0.00,555.38,2914.63,3.02%,20200612.xls
1分六合,26,88188.00,87729.24,62.00,71.01,387.75,0.44%,20200612.xls
1分彩,45,66627.28,64451.87,108.00,3.39,2172.02,3.26%,20200612.xls
飞禽走兽,6,54035.00,27589.05,0.00,25.76,26420.20,48.89%,20200612.xls
传统1分赛车,17,50394.00,50824.07,984.00,69.03,-499.10,-0.99%,20200612.xls
腾讯时时彩,30,41615.98,33648.29,25.60,0.07,7967.62,19.15%,20200612.xls
腾讯1.5分彩,7,40093.48,40884.55,0.00,0.00,-791.07,-1.97%,20200612.xls
百人牛牛,8,32840.00,30200.40,0.00,4.18,2635.43,8.03%,20200612.xls
红黑大战,6,28885.00,35767.85,0.00,4.19,-6887.04,-23.84%,20200612.xls
北京赛车,7,27708.08,30476.36,406.00,0.00,-2768.28,-9.99%,20200612.xls
1分11选5,17,21764.40,20089.76,381.60,3.96,1670.68,7.68%,20200612.xls
万人龙虎,12,19605.00,19361.35,15.00,20.43,223.22,1.14%,20200612.xls
传统1分彩,16,18472.00,16294.15,13.00,51.47,2126.39,11.51%,20200612.xls
万人炸金花,3,15640.00,16371.00,5.00,0.00,-731.00,-4.67%,20200612.xls
3分赛车,11,13720.68,10179.93,552.80,1.30,3539.45,25.80%,20200612.xls
5分赛车,8,11290.36,14215.06,9.00,0.37,-2925.07,-25.91%,20200612.xls
安徽快3,14,8942.00,6879.80,386.00,1.62,2060.58,23.04%,20200612.xls
江苏快3,12,8480.00,9749.64,30.00,2.71,-1272.35,-15.00%,20200612.xls
奔驰宝马,8,8225.00,7974.00,0.00,31.55,219.45,2.67%,20200612.xls
山东11选5,15,7596.60,8096.56,84.00,3.24,-503.20,-6.62%,20200612.xls
梭哈,10,6900.00,7157.25,0.00,1.50,-258.75,-3.75%,20200612.xls
森林舞会,4,6650.00,5631.40,0.00,36.08,982.53,14.77%,20200612.xls
腾讯5分彩,6,6619.60,10175.80,0.00,0.00,-3556.20,-53.72%,20200612.xls
广东11选5,9,6060.18,5700.22,234.00,0.00,359.96,5.94%,20200612.xls
极速赛车,13,5359.66,5424.57,0.00,49.51,-114.42,-2.13%,20200612.xls
百人三公,2,5125.00,10058.40,0.00,0.00,-4933.40,-96.26%,20200612.xls
贵州快3,6,4899.00,7844.76,0.00,0.07,-2945.83,-60.13%,20200612.xls
传统疯狂飞艇,5,4887.00,5567.80,0.00,9.00,-689.80,-14.11%,20200612.xls
腾讯3分彩,4,4287.40,9141.32,0.00,0.00,-4853.92,-113.21%,20200612.xls
万人牛牛,6,3939.00,4374.11,120.00,1.08,-436.19,-11.07%,20200612.xls
上海11选5,11,3497.00,3448.84,502.80,0.02,48.14,1.38%,20200612.xls
传统北京赛车,4,3406.00,1369.15,576.00,0.00,2036.85,59.80%,20200612.xls
万人射龙门,3,3065.00,3605.50,200.00,0.00,-540.50,-17.63%,20200612.xls
骰宝,6,3025.00,1827.80,400.00,23.40,1173.80,38.80%,20200612.xls
澳门六合彩,5,3005.00,3357.44,0.00,3.86,-356.30,-11.86%,20200612.xls
江苏11选5,8,2998.20,1772.89,280.00,0.00,1225.31,40.87%,20200612.xls
甘肃快3,9,2638.00,3630.03,150.00,0.14,-992.17,-37.61%,20200612.xls
1分幸运28,11,2375.00,2449.38,0.00,0.00,-74.38,-3.13%,20200612.xls
北京快3,7,2247.00,2063.16,450.00,0.20,183.65,8.17%,20200612.xls
秒秒彩,2,2208.00,2532.69,0.00,0.00,-324.69,-14.71%,20200612.xls
万人红黑大战,5,2015.00,2210.14,0.00,7.32,-202.46,-10.05%,20200612.xls
上海快3,8,1854.00,653.40,86.00,0.18,1200.42,64.75%,20200612.xls
湖北快3,10,1607.00,2736.36,0.00,0.14,-1129.50,-70.29%,20200612.xls
江西11选5,6,1587.00,1481.04,80.00,0.00,105.96,6.68%,20200612.xls
传统欢乐生肖,3,1542.00,1523.35,0.00,22.43,-3.78,-0.25%,20200612.xls
传统5分赛车,2,1077.00,912.78,0.00,0.00,164.22,15.25%,20200612.xls
六合秒秒,4,1002.00,870.49,0.00,8.57,122.95,12.27%,20200612.xls
3分彩,4,896.50,965.30,0.00,0.00,-68.80,-7.67%,20200612.xls
百人炸金花,2,890.00,761.10,0.00,9.90,119.00,13.37%,20200612.xls
河北快3,7,629.00,442.62,109.00,0.10,186.28,29.62%,20200612.xls
广西快3,7,352.00,249.48,0.00,0.04,102.48,29.11%,20200612.xls
吉林快3,8,349.00,545.34,1.00,2.29,-198.63,-56.91%,20200612.xls
5分彩,2,280.00,157.60,90.00,0.00,122.40,43.71%,20200612.xls
百人牌九,1,155.00,183.20,0.00,0.00,-28.20,-18.19%,20200612.xls
射龙门,1,140.00,144.05,0.00,0.00,-4.05,-2.89%,20200612.xls
万人百家乐,1,55.00,100.00,0.00,0.00,-45.00,-81.82%,20200612.xls
百人二八杠,2,50.00,19.80,0.00,0.00,30.20,60.40%,20200612.xls
传统10分赛车,1,2.00,3.96,0.00,0.00,-1.96,-98.00%,20200612.xls
传统10分彩,1,1.00,1.98,0.00,0.00,-0.98,-98.00%,20200612.xls
小计,,9065134.06,8670504.23,97319.40,15776.10,378853.81,4.18%,20200612.xls
1分快3,731,4657936.00,4438883.93,71100.00,5261.83,213790.24,4.59%,20200613.xls
极速快3,166,1389272.00,1318374.01,0.00,1340.33,69557.66,5.01%,20200613.xls
百家乐,9,638835.00,605732.90,0.00,4039.60,29062.50,4.55%,20200613.xls
3分快3,141,369668.00,368322.00,10327.00,263.36,1082.64,0.29%,20200613.xls
疯狂飞艇,29,224360.50,203016.96,3799.20,16.43,21327.11,9.51%,20200613.xls
龙虎斗,40,185445.00,169918.30,0.00,2255.98,13270.73,7.16%,20200613.xls
欢乐生肖,14,147878.12,129145.00,9432.00,12.40,18720.72,12.66%,20200613.xls
1分彩,40,133098.56,125344.19,666.94,22.57,7731.81,5.81%,20200613.xls
5分快3,45,131598.00,132630.32,6900.00,20.20,-1052.52,-0.80%,20200613.xls
1分六合,28,58093.00,57560.42,102.00,64.90,467.68,0.81%,20200613.xls
腾讯1.5分彩,7,41876.30,40203.04,0.00,0.00,1673.26,4.00%,20200613.xls
1分赛车,32,41425.90,40047.02,43.60,5.35,1373.53,3.32%,20200613.xls
传统1分赛车,15,41046.00,42410.37,361.00,99.85,-1464.22,-3.57%,20200613.xls
腾讯时时彩,23,29707.28,32662.92,0.12,0.00,-2955.64,-9.95%,20200613.xls
万人龙虎,13,28955.00,28524.05,0.00,4.93,426.02,1.47%,20200613.xls
梭哈,8,28530.00,28230.50,0.00,37.55,261.95,0.92%,20200613.xls
飞禽走兽,4,26890.00,24592.30,0.00,26.25,2271.45,8.45%,20200613.xls
百人牛牛,7,21310.00,20059.10,0.00,10.50,1240.40,5.82%,20200613.xls
传统1分彩,16,21213.00,26111.81,0.00,9.62,-4908.43,-23.14%,20200613.xls
3分赛车,11,20294.80,20959.83,5596.80,0.72,-665.75,-3.28%,20200613.xls
腾讯3分彩,6,19048.00,20074.60,0.00,0.00,-1026.60,-5.39%,20200613.xls
万人炸金花,2,18360.00,20153.10,0.00,0.00,-1793.10,-9.77%,20200613.xls
极速赛车,18,10275.46,10071.40,0.00,79.78,124.28,1.21%,20200613.xls
1分11选5,14,9577.42,8171.39,548.00,4.67,1401.37,14.63%,20200613.xls
腾讯5分彩,4,8916.60,10460.70,0.00,0.00,-1544.10,-17.32%,20200613.xls
3分彩,3,8002.60,7926.30,0.00,0.00,76.30,0.95%,20200613.xls
万人牛牛,6,6706.00,6720.96,20.00,21.84,-36.80,-0.55%,20200613.xls
红黑大战,6,6550.00,6440.15,0.00,52.91,56.95,0.87%,20200613.xls
传统北京赛车,5,5969.00,4967.09,0.00,0.15,1001.77,16.78%,20200613.xls
传统欢乐生肖,4,5259.00,3682.59,0.00,26.64,1549.77,29.47%,20200613.xls
5分彩,4,5171.28,5866.39,0.00,0.00,-695.11,-13.44%,20200613.xls
传统疯狂飞艇,5,5025.00,5665.80,0.00,2.80,-643.60,-12.81%,20200613.xls
山东11选5,11,4840.60,2689.64,10.00,2.70,2148.26,44.38%,20200613.xls
广东11选5,10,4812.20,4193.90,160.00,0.00,618.30,12.85%,20200613.xls
江苏11选5,7,4380.00,3802.85,180.00,0.00,577.15,13.18%,20200613.xls
森林舞会,3,3235.00,2615.20,0.00,36.40,583.40,18.03%,20200613.xls
万人射龙门,1,3220.00,2826.00,0.00,0.00,394.00,12.24%,20200613.xls
江苏快3,11,2860.00,2432.17,16.00,0.15,427.68,14.95%,20200613.xls
奔驰宝马,4,2815.00,3899.00,0.00,7.08,-1091.08,-38.76%,20200613.xls
万人红黑大战,5,2757.00,2364.75,0.00,9.98,382.27,13.87%,20200613.xls
安徽快3,15,2741.00,3839.04,170.00,0.07,-1098.11,-40.06%,20200613.xls
澳门六合彩,5,2682.00,0.00,0.00,1.00,2681.00,99.96%,20200613.xls
秒秒彩,3,2474.00,1776.30,0.00,0.00,697.70,28.20%,20200613.xls
贵州快3,3,2254.00,1722.60,0.00,0.07,531.33,23.57%,20200613.xls
5分六合,3,2240.00,2358.64,0.00,0.00,-118.64,-5.30%,20200613.xls
传统3分赛车,4,1870.00,2207.42,0.00,5.04,-342.46,-18.31%,20200613.xls
百人牌九,2,1640.00,1512.10,0.00,13.95,113.95,6.95%,20200613.xls
1分幸运28,7,1521.00,1077.64,0.00,0.00,443.36,29.15%,20200613.xls
百人炸金花,2,1420.00,1300.20,0.00,0.00,119.80,8.44%,20200613.xls
上海11选5,7,1309.20,1295.75,0.00,0.00,13.46,1.03%,20200613.xls
传统10分赛车,2,1246.00,1259.28,0.00,0.00,-13.28,-1.07%,20200613.xls
湖北快3,9,1207.00,747.90,48.00,0.11,458.99,38.03%,20200613.xls
北京快3,10,1168.00,625.08,6.00,0.11,542.81,46.47%,20200613.xls
北京赛车,5,1147.00,1724.58,18.00,0.00,-577.58,-50.36%,20200613.xls
江西11选5,4,1139.00,1448.37,120.00,0.00,-309.37,-27.16%,20200613.xls
5分赛车,11,1120.14,1691.73,0.00,3.24,-574.83,-51.32%,20200613.xls
六合秒秒,5,971.00,650.23,0.00,1.53,319.24,32.88%,20200613.xls
骰宝,5,950.00,769.60,0.00,0.10,180.30,18.98%,20200613.xls
上海快3,7,874.00,1031.58,1.00,0.08,-157.66,-18.04%,20200613.xls
广西快3,9,747.00,847.44,80.00,0.12,-100.56,-13.46%,20200613.xls
百人三公,2,745.00,681.85,0.00,0.00,63.15,8.48%,20200613.xls
吉林快3,6,715.00,6490.11,4.00,4.43,-5779.54,-808.33%,20200613.xls
射龙门,2,530.00,576.90,0.00,0.00,-46.90,-8.85%,20200613.xls
甘肃快3,6,472.00,281.97,0.00,0.13,189.90,40.23%,20200613.xls
河北快3,7,311.00,285.04,22.00,0.18,25.78,8.29%,20200613.xls
幸运28,1,200.00,0.00,0.00,0.00,200.00,100.00%,20200613.xls
10分六合,3,87.00,356.70,0.00,0.20,-269.90,-310.23%,20200613.xls
传统5分赛车,4,75.00,103.74,0.00,0.96,-29.70,-39.60%,20200613.xls
百人二八杠,1,35.00,78.80,0.00,0.00,-43.80,-125.14%,20200613.xls
万人百家乐,1,10.00,15.00,0.00,0.00,-5.00,-50.00%,20200613.xls
传统10分彩,1,4.00,1.98,0.00,0.00,2.02,50.50%,20200613.xls
小计,,8409116.96,8024510.52,109731.66,13768.79,370837.71,4.41%,20200613.xls
1分快3,737,4914885.00,4617348.09,86693.00,5995.41,291541.51,5.93%,20200614.xls
极速快3,163,1601163.00,1524637.16,0.00,2332.15,74193.69,4.63%,20200614.xls
3分快3,154,354654.00,338871.74,8422.00,397.59,15384.67,4.34%,20200614.xls
百家乐,8,236765.00,226442.45,0.00,869.65,9452.90,3.99%,20200614.xls
龙虎斗,41,179260.00,165276.20,0.00,2289.87,11693.93,6.52%,20200614.xls
5分快3,43,158429.00,162144.63,410.00,65.35,-3780.98,-2.39%,20200614.xls
1分彩,40,108661.62,103330.50,62.00,92.32,5238.80,4.82%,20200614.xls
欢乐生肖,13,105656.46,120488.12,4000.00,11.50,-14843.16,-14.05%,20200614.xls
1分六合,33,61179.00,59661.95,62.00,52.93,1464.12,2.39%,20200614.xls
飞禽走兽,4,56965.00,47647.30,0.00,57.08,9260.63,16.26%,20200614.xls
疯狂飞艇,31,48101.82,48262.24,1645.20,109.61,-270.03,-0.56%,20200614.xls
万人炸金花,1,47110.00,39715.20,0.00,0.00,7394.80,15.70%,20200614.xls
传统1分赛车,17,46436.00,46298.04,702.00,75.61,62.35,0.13%,20200614.xls
1分赛车,41,46367.94,45825.68,44.40,34.89,507.37,1.09%,20200614.xls
腾讯时时彩,30,31391.52,32336.84,35.36,15.23,-960.55,-3.06%,20200614.xls
传统1分彩,18,30550.00,32006.36,10.00,28.57,-1484.93,-4.86%,20200614.xls
腾讯1.5分彩,7,27369.40,26092.23,140.80,0.00,1277.17,4.67%,20200614.xls
万人牛牛,8,19420.00,18226.24,75.00,92.79,1100.97,5.67%,20200614.xls
极速赛车,17,15327.14,13657.98,0.00,161.53,1507.63,9.84%,20200614.xls
传统北京赛车,5,13989.00,14665.07,51.00,0.00,-676.07,-4.83%,20200614.xls
传统欢乐生肖,4,10192.00,11595.00,70.00,101.01,-1504.01,-14.76%,20200614.xls
百人牛牛,9,9730.00,9402.50,0.00,0.00,327.50,3.37%,20200614.xls
梭哈,10,9325.00,8832.25,0.00,2.70,490.05,5.26%,20200614.xls
3分赛车,10,8312.40,2184.04,0.00,1.54,6126.82,73.71%,20200614.xls
骰宝,9,7085.00,7247.10,0.00,52.40,-214.50,-3.03%,20200614.xls
万人红黑大战,5,6807.00,7462.31,0.00,20.30,-675.61,-9.93%,20200614.xls
森林舞会,2,5350.00,5703.90,0.00,0.00,-353.90,-6.61%,20200614.xls
秒秒彩,2,5246.00,5664.28,0.00,0.00,-418.28,-7.97%,20200614.xls
六合秒秒,7,4875.00,5076.68,0.00,33.39,-235.07,-4.82%,20200614.xls
万人龙虎,11,4735.00,2847.35,5.00,0.09,1887.56,39.86%,20200614.xls
江苏快3,12,4070.00,3261.24,0.00,3.19,805.57,19.79%,20200614.xls
5分六合,3,3813.00,3440.07,0.00,3.52,369.41,9.69%,20200614.xls
安徽快3,13,3297.00,3283.00,105.00,1.11,12.89,0.39%,20200614.xls
上海11选5,5,3289.20,1992.87,0.00,0.00,1296.33,39.41%,20200614.xls
澳门六合彩,5,3249.00,732.16,100.00,1.00,2515.84,77.43%,20200614.xls
百人二八杠,4,3155.00,3431.20,0.00,4.25,-280.45,-8.89%,20200614.xls
腾讯5分彩,5,2420.60,1918.07,146.00,0.00,502.53,20.76%,20200614.xls
湖北快3,8,2309.00,2041.50,340.00,0.64,266.86,11.56%,20200614.xls
吉林快3,4,2295.00,1511.07,190.00,20.84,763.09,33.25%,20200614.xls
万人射龙门,1,2280.00,1638.00,0.00,0.00,642.00,28.16%,20200614.xls
山东11选5,10,2155.48,1790.24,194.00,1.86,363.38,16.86%,20200614.xls
江苏11选5,5,2076.10,1498.46,0.00,0.00,577.64,27.82%,20200614.xls
腾讯3分彩,6,2071.64,2377.33,0.00,0.00,-305.69,-14.76%,20200614.xls
贵州快3,4,1965.00,700.92,0.00,0.08,1264.00,64.33%,20200614.xls
江西11选5,5,1888.00,2101.77,0.00,0.00,-213.77,-11.32%,20200614.xls
5分赛车,13,1852.26,2052.18,10.00,7.80,-207.72,-11.21%,20200614.xls
河北快3,9,1722.00,1284.90,111.00,2.68,434.42,25.23%,20200614.xls
广东11选5,5,1515.00,1987.99,0.00,0.00,-472.99,-31.22%,20200614.xls
奔驰宝马,5,1425.00,1280.60,0.00,0.00,144.40,10.13%,20200614.xls
传统5分赛车,4,1278.00,426.92,0.00,8.26,842.82,65.95%,20200614.xls
3分彩,4,1219.58,965.47,0.00,0.00,254.12,20.84%,20200614.xls
红黑大战,4,1150.00,754.20,0.00,11.01,384.79,33.46%,20200614.xls
上海快3,9,1063.00,731.20,0.00,2.07,329.73,31.02%,20200614.xls
北京赛车,4,1016.20,1658.68,88.00,0.28,-642.76,-63.25%,20200614.xls
5分彩,3,967.04,939.30,0.00,0.00,27.74,2.87%,20200614.xls
百人三公,2,890.00,435.60,0.00,0.00,454.40,51.06%,20200614.xls
北京快3,9,883.00,1290.68,0.00,0.74,-408.42,-46.25%,20200614.xls
百人牌九,2,840.00,886.50,0.00,4.80,-51.30,-6.11%,20200614.xls
1分11选5,11,767.72,554.98,9.00,2.62,210.12,27.37%,20200614.xls
传统疯狂飞艇,6,713.00,219.38,0.00,0.66,492.96,69.14%,20200614.xls
广西快3,3,623.00,512.56,20.00,3.04,107.40,17.24%,20200614.xls
百人炸金花,3,605.00,771.90,0.00,0.10,-167.00,-27.60%,20200614.xls
甘肃快3,6,515.00,701.72,1.00,0.35,-187.07,-36.32%,20200614.xls
1分幸运28,7,431.00,2700.00,0.00,0.00,-2269.00,-526.45%,20200614.xls
百人德扑,2,235.00,247.50,0.00,0.00,-12.50,-5.32%,20200614.xls
射龙门,4,160.00,134.50,0.00,0.60,24.90,15.56%,20200614.xls
传统10分彩,2,112.00,38.80,100.00,1.96,71.24,63.61%,20200614.xls
10分六合,1,108.00,50.70,5.00,0.00,57.30,53.06%,20200614.xls
传统10分赛车,1,50.00,9.90,0.00,0.00,40.10,80.20%,20200614.xls
台湾宾果,1,40.00,32.92,0.00,0.00,7.08,17.70%,20200614.xls
传统3分赛车,1,12.00,15.84,0.00,0.00,-3.84,-32.00%,20200614.xls
决战梭哈,1,5.00,8.85,0.00,0.00,-3.85,-77.00%,20200614.xls
小计,,8235870.12,7801361.10,103846.76,12976.97,421532.08,5.12%,20200614.xls
1分快3,765,4929344.00,4637841.41,50408.00,9879.21,281623.38,5.71%,20200615.xls
极速快3,178,1036942.00,982373.63,0.00,2190.51,52377.87,5.05%,20200615.xls
3分快3,161,228598.00,212946.98,14946.00,388.14,15262.88,6.68%,20200615.xls
龙虎斗,36,224840.00,234118.10,0.00,2322.47,-11600.57,-5.16%,20200615.xls
1分赛车,36,108551.96,107898.55,1116.00,18.07,635.33,0.59%,20200615.xls
5分快3,50,82749.00,83207.03,334.00,38.56,-496.58,-0.60%,20200615.xls
1分彩,43,76163.66,69743.99,66.66,173.36,6246.31,8.20%,20200615.xls
欢乐生肖,10,70978.00,79383.00,8.00,14.50,-8419.50,-11.86%,20200615.xls
百家乐,7,51460.00,42651.25,0.00,8.55,8800.20,17.10%,20200615.xls
疯狂飞艇,34,44143.30,42061.19,773.68,44.33,2037.78,4.62%,20200615.xls
腾讯1.5分彩,7,37519.56,37605.88,0.00,0.00,-86.32,-0.23%,20200615.xls
1分六合,25,36581.00,39268.38,18.00,16.64,-2704.01,-7.39%,20200615.xls
传统1分赛车,13,33336.00,32685.70,2968.00,98.27,552.03,1.66%,20200615.xls
百人三公,5,28835.00,21780.65,0.00,0.00,7054.35,24.46%,20200615.xls
传统1分彩,18,22144.00,22038.22,892.00,6.64,99.14,0.45%,20200615.xls
传统北京赛车,8,21598.00,17213.86,430.00,0.00,4384.14,20.30%,20200615.xls
腾讯时时彩,25,20086.74,21425.81,0.00,4.17,-1343.24,-6.69%,20200615.xls
百人德扑,1,15130.00,13365.00,0.00,0.00,1765.00,11.67%,20200615.xls
六合秒秒,5,13797.00,14048.74,0.00,64.14,-315.88,-2.29%,20200615.xls
万人牛牛,9,12482.00,12831.99,20.00,39.75,-389.74,-3.12%,20200615.xls
骰宝,11,11680.00,10743.95,0.00,187.35,748.70,6.41%,20200615.xls
安徽快3,14,11284.00,11949.86,500.00,3.37,-669.23,-5.93%,20200615.xls
秒秒彩,4,9970.00,9274.77,0.00,0.00,695.23,6.97%,20200615.xls
万人龙虎,13,9285.00,10000.60,100.00,15.53,-731.13,-7.87%,20200615.xls
腾讯3分彩,6,7950.10,9213.46,0.00,0.45,-1263.81,-15.90%,20200615.xls
极速赛车,22,7562.26,7358.77,0.00,3.68,199.81,2.64%,20200615.xls
红黑大战,10,6990.00,5888.05,0.00,13.60,1088.35,15.57%,20200615.xls
吉林快3,8,6680.00,5192.75,695.00,8.09,1479.16,22.14%,20200615.xls
3分赛车,9,6268.48,6691.90,0.00,0.32,-423.74,-6.76%,20200615.xls
1分幸运28,10,5702.00,6282.25,0.00,0.00,-580.25,-10.18%,20200615.xls
广东11选5,8,5539.20,5163.64,0.60,0.00,375.56,6.78%,20200615.xls
澳门六合彩,7,5060.00,4156.50,0.00,1.04,902.46,17.84%,20200615.xls
上海11选5,10,4964.80,4491.03,0.00,0.00,473.77,9.54%,20200615.xls
江西11选5,7,4877.98,6191.35,290.00,0.00,-1313.37,-26.92%,20200615.xls
百人二八杠,6,4465.00,3302.60,0.00,11.95,1150.45,25.77%,20200615.xls
传统欢乐生肖,4,4324.00,2656.54,0.00,36.29,1631.17,37.72%,20200615.xls
1分11选5,15,3814.76,2563.38,71.32,124.25,1127.13,29.55%,20200615.xls
山东11选5,8,3751.00,2778.76,90.00,2.76,969.49,25.85%,20200615.xls
百人牛牛,8,3690.00,3701.40,0.00,0.80,-12.20,-0.33%,20200615.xls
3分彩,3,3573.60,4386.52,0.00,0.00,-812.92,-22.75%,20200615.xls
飞禽走兽,3,3345.00,3316.50,0.00,2.68,25.83,0.77%,20200615.xls
5分六合,2,3255.00,3378.98,0.00,0.00,-123.98,-3.81%,20200615.xls
广西快3,7,3148.00,4475.94,450.00,1.15,-1329.09,-42.22%,20200615.xls
梭哈,8,2730.00,3417.65,0.00,4.15,-691.80,-25.34%,20200615.xls
腾讯5分彩,6,2619.84,2250.56,0.00,0.00,369.28,14.10%,20200615.xls
江苏11选5,6,2602.60,3331.25,16.00,0.00,-728.65,-28.00%,20200615.xls
万人射龙门,1,2040.00,2414.00,200.00,0.00,-374.00,-18.33%,20200615.xls
森林舞会,3,1910.00,1756.60,0.00,3.00,150.40,7.87%,20200615.xls
传统疯狂飞艇,3,1752.00,2295.36,0.00,0.72,-544.08,-31.05%,20200615.xls
江苏快3,10,1705.00,1675.04,120.00,4.72,25.24,1.48%,20200615.xls
北京赛车,12,1583.50,939.51,0.00,0.06,643.93,40.66%,20200615.xls
上海快3,8,1488.00,934.86,100.00,0.88,552.26,37.11%,20200615.xls
5分赛车,6,1401.20,55.44,10.00,0.00,1345.76,96.04%,20200615.xls
湖北快3,7,1396.00,807.84,25.00,0.03,588.13,42.13%,20200615.xls
万人炸金花,2,1280.00,354.60,0.00,0.00,925.40,72.30%,20200615.xls
贵州快3,6,1177.00,71.28,20.00,0.05,1105.67,93.94%,20200615.xls
5分彩,2,1122.00,1044.10,0.00,0.00,77.90,6.94%,20200615.xls
奔驰宝马,5,1000.00,592.95,0.00,0.70,406.35,40.64%,20200615.xls
北京快3,5,777.00,649.44,514.00,0.60,126.96,16.34%,20200615.xls
河北快3,6,681.00,1077.12,30.00,0.82,-396.94,-58.29%,20200615.xls
台湾宾果,2,436.80,98.76,0.00,0.00,338.04,77.39%,20200615.xls
射龙门,3,415.00,240.65,0.00,0.25,174.10,41.95%,20200615.xls
百人炸金花,2,395.00,206.85,0.00,0.00,188.15,47.63%,20200615.xls
百人牌九,2,330.00,138.40,0.00,0.70,190.90,57.85%,20200615.xls
甘肃快3,7,309.00,275.94,14.00,0.09,32.97,10.67%,20200615.xls
万人红黑大战,4,202.00,188.10,0.00,0.66,13.24,6.55%,20200615.xls
传统10分赛车,1,153.00,207.90,0.00,0.00,-54.90,-35.88%,20200615.xls
传统10分彩,2,100.00,135.80,0.00,2.00,-37.80,-37.80%,20200615.xls
传统3分赛车,1,17.00,29.55,0.00,0.00,-12.55,-73.82%,20200615.xls
万人百家乐,1,5.00,0.00,0.00,0.00,5.00,100.00%,20200615.xls
小计,,7262087.34,6882838.41,75226.26,15740.05,363508.92,5.01%,20200615.xls
1分快3,812,3840317.00,3713716.83,50250.00,6836.97,119763.20,3.12%,20200616.xls
极速快3,207,1405461.00,1336601.52,0.00,4926.62,63932.86,4.55%,20200616.xls
龙虎斗,41,302850.00,281274.90,0.00,5083.23,16491.88,5.45%,20200616.xls
3分快3,191,231311.00,231893.81,8190.00,804.44,-1387.24,-0.60%,20200616.xls
欢乐生肖,16,98484.44,91584.79,440.00,11.50,6888.15,6.99%,20200616.xls
1分赛车,36,59394.82,51869.03,24.00,14.88,7510.91,12.65%,20200616.xls
1分彩,55,58414.72,60383.19,232.00,89.28,-2057.75,-3.52%,20200616.xls
万人龙虎,13,57100.00,55510.85,0.00,176.20,1412.95,2.47%,20200616.xls
六合秒秒,7,56180.00,55829.91,0.00,47.34,302.75,0.54%,20200616.xls
疯狂飞艇,34,48946.08,46121.86,2779.20,20.40,2803.81,5.73%,20200616.xls
5分快3,49,37228.00,36381.81,1495.00,31.37,814.82,2.19%,20200616.xls
传统1分赛车,15,36124.00,30967.36,732.00,47.72,5108.93,14.14%,20200616.xls
1分六合,25,33873.00,28284.81,0.00,2.61,5585.58,16.49%,20200616.xls
传统1分彩,19,32304.00,33861.22,80.00,15.42,-1572.63,-4.87%,20200616.xls
骰宝,15,25410.00,23150.65,0.00,192.33,2067.03,8.13%,20200616.xls
腾讯时时彩,32,23243.36,22682.11,534.06,38.26,522.99,2.25%,20200616.xls
百家乐,9,18895.00,17611.10,0.00,6.90,1277.00,6.76%,20200616.xls
万人牛牛,5,18077.00,17820.38,0.00,177.36,79.26,0.44%,20200616.xls
北京赛车,8,14006.60,7429.80,620.00,4.90,6571.90,46.92%,20200616.xls
传统北京赛车,6,13616.00,12968.51,640.00,0.00,647.49,4.76%,20200616.xls
秒秒彩,5,11538.00,11532.30,0.00,1.68,4.02,0.03%,20200616.xls
百人三公,3,10935.00,9899.65,0.00,0.00,1035.35,9.47%,20200616.xls
森林舞会,6,10725.00,8291.65,0.00,2.00,2431.35,22.67%,20200616.xls
上海快3,9,10243.00,8295.58,4.00,30.16,1917.27,18.72%,20200616.xls
百人牛牛,9,8750.00,8321.30,0.00,0.00,428.70,4.90%,20200616.xls
极速赛车,17,8117.32,8000.97,0.00,22.78,93.57,1.15%,20200616.xls
安徽快3,12,7954.00,9901.02,69.00,20.80,-1967.82,-24.74%,20200616.xls
百人二八杠,5,7050.00,6882.40,0.00,48.85,118.75,1.68%,20200616.xls
1分11选5,17,6811.86,6177.66,29.46,82.13,552.07,8.10%,20200616.xls
北京快3,7,6347.00,8662.48,1801.00,7.55,-2323.03,-36.60%,20200616.xls
奔驰宝马,11,5755.00,5391.80,0.00,2.63,360.58,6.27%,20200616.xls
传统疯狂飞艇,8,5408.00,6564.69,100.00,0.33,-1157.02,-21.39%,20200616.xls
1分幸运28,7,5244.00,4982.55,0.00,0.00,261.45,4.99%,20200616.xls
3分彩,1,4500.00,5122.00,0.00,0.00,-622.00,-13.82%,20200616.xls
梭哈,9,4395.00,2324.95,0.00,2.20,2067.85,47.05%,20200616.xls
江苏快3,14,4391.00,4102.24,329.00,18.73,270.04,6.15%,20200616.xls
红黑大战,9,3890.00,3908.35,0.00,18.65,-37.00,-0.95%,20200616.xls
上海11选5,10,3746.44,3996.63,0.00,0.07,-250.26,-6.68%,20200616.xls
贵州快3,7,3533.00,3127.52,0.00,8.83,396.65,11.23%,20200616.xls
腾讯1.5分彩,9,3512.74,4013.37,0.00,0.00,-500.64,-14.25%,20200616.xls
甘肃快3,8,3397.00,3693.85,15.00,15.53,-312.38,-9.20%,20200616.xls
吉林快3,8,3286.00,4164.22,150.00,18.44,-896.66,-27.29%,20200616.xls
湖北快3,9,3284.00,3439.28,224.00,15.61,-170.89,-5.20%,20200616.xls
传统3分赛车,1,3131.00,2801.70,80.00,0.00,329.30,10.52%,20200616.xls
万人射龙门,2,3100.00,4071.80,0.00,0.00,-971.80,-31.35%,20200616.xls
广西快3,6,2826.00,2728.00,0.00,13.08,84.92,3.00%,20200616.xls
山东11选5,9,2148.50,1191.68,80.00,2.16,954.66,44.43%,20200616.xls
广东11选5,9,2104.40,2031.30,62.00,0.00,73.10,3.47%,20200616.xls
5分赛车,6,2104.00,2471.18,0.00,19.40,-386.58,-18.37%,20200616.xls
3分赛车,12,2078.66,1475.96,0.00,5.06,597.64,28.75%,20200616.xls
5分六合,4,2035.00,615.77,0.00,0.33,1418.90,69.72%,20200616.xls
传统欢乐生肖,6,1844.00,2549.02,0.00,5.25,-710.27,-38.52%,20200616.xls
江苏11选5,5,1587.00,653.40,0.00,0.00,933.60,58.83%,20200616.xls
飞禽走兽,4,1475.00,1181.60,0.00,53.60,239.80,16.26%,20200616.xls
百人炸金花,7,1225.00,1127.85,0.00,0.00,97.15,7.93%,20200616.xls
腾讯3分彩,6,1030.08,900.56,0.00,0.00,129.52,12.57%,20200616.xls
万人红黑大战,4,986.00,1162.85,0.00,4.49,-181.34,-18.39%,20200616.xls
河北快3,6,918.00,1036.48,324.00,3.97,-122.45,-13.34%,20200616.xls
江西11选5,5,606.00,475.81,40.00,0.00,130.19,21.48%,20200616.xls
万人炸金花,3,435.00,472.80,0.00,0.05,-37.85,-8.70%,20200616.xls
传统10分赛车,1,389.00,514.80,0.00,0.00,-125.80,-32.34%,20200616.xls
射龙门,6,340.00,237.65,0.00,3.00,99.35,29.22%,20200616.xls
澳门六合彩,3,337.00,19.14,0.00,2.84,315.02,93.48%,20200616.xls
百人德扑,2,330.00,594.00,0.00,0.10,-264.10,-80.03%,20200616.xls
传统5分赛车,2,169.00,138.60,0.00,0.00,30.40,17.99%,20200616.xls
腾讯5分彩,7,142.68,167.90,0.00,0.00,-25.22,-17.68%,20200616.xls
万人百家乐,2,70.00,58.20,0.00,0.12,11.68,16.69%,20200616.xls
传统10分彩,1,20.00,43.76,0.00,0.00,-23.76,-118.80%,20200616.xls
百人牌九,1,20.00,39.40,0.00,0.00,-19.40,-97.00%,20200616.xls
决战梭哈,1,5.00,0.00,0.00,0.00,5.00,100.00%,20200616.xls
小计,,6585505.70,6325502.11,69323.72,18958.15,241045.50,3.66%,20200616.xls
1分快3,805,4835513.00,4533894.09,52874.00,7738.81,293880.10,6.08%,20200617.xls
极速快3,176,1624992.00,1550413.74,0.00,3852.66,70725.60,4.35%,20200617.xls
3分快3,163,257416.00,241384.68,14433.00,787.31,15244.01,5.92%,20200617.xls
龙虎斗,43,197060.00,183493.30,0.00,370.17,13196.54,6.70%,20200617.xls
欢乐生肖,13,144208.56,132729.89,8300.00,12.00,11466.67,7.95%,20200617.xls
1分彩,49,67618.00,65440.93,65.60,21.01,2156.06,3.19%,20200617.xls
万人龙虎,11,53865.00,51309.85,0.00,163.00,2392.15,4.44%,20200617.xls
疯狂飞艇,35,40321.14,34472.80,766.00,11.32,5837.02,14.48%,20200617.xls
传统1分彩,18,38887.00,40483.23,0.00,60.25,-1656.48,-4.26%,20200617.xls
1分六合,18,33953.00,38726.91,500.00,0.61,-4774.52,-14.06%,20200617.xls
1分赛车,34,33776.44,31813.77,0.00,6.06,1956.61,5.79%,20200617.xls
腾讯时时彩,30,31974.18,28534.85,340.48,22.20,3417.13,10.69%,20200617.xls
传统1分赛车,19,31834.00,31412.31,1377.00,22.11,399.58,1.26%,20200617.xls
5分快3,46,28853.00,22873.28,627.00,23.32,5956.40,20.64%,20200617.xls
极速赛车,20,25772.18,26166.43,0.00,5.03,-399.28,-1.55%,20200617.xls
百家乐,12,23260.00,23354.30,0.00,0.30,-94.60,-0.41%,20200617.xls
甘肃快3,6,15554.00,8361.38,0.00,9.78,7182.84,46.18%,20200617.xls
骰宝,8,14380.00,13636.10,0.00,0.00,743.90,5.17%,20200617.xls
北京赛车,10,14072.02,13698.69,40.00,2.10,371.23,2.64%,20200617.xls
安徽快3,15,11981.00,8320.19,3903.00,27.24,3633.58,30.33%,20200617.xls
六合秒秒,5,11774.00,11476.99,0.00,0.00,297.01,2.52%,20200617.xls
1分11选5,12,10703.14,11378.82,120.40,0.62,-676.30,-6.32%,20200617.xls
奔驰宝马,6,9050.00,6071.20,0.00,16.90,2961.90,32.73%,20200617.xls
广东11选5,8,8780.88,9474.25,16.00,0.00,-693.37,-7.90%,20200617.xls
传统北京赛车,6,8204.00,10352.35,0.00,0.00,-2148.35,-26.19%,20200617.xls
北京快3,10,7870.00,9312.86,1332.00,28.33,-1471.19,-18.69%,20200617.xls
腾讯1.5分彩,9,7320.86,7428.69,0.00,0.01,-107.84,-1.47%,20200617.xls
传统欢乐生肖,7,6226.00,4865.81,0.00,10.53,1349.66,21.68%,20200617.xls
上海快3,7,6130.00,4036.80,0.00,20.99,2072.22,33.80%,20200617.xls
吉林快3,9,6079.00,9741.77,30.00,22.10,-3684.87,-60.62%,20200617.xls
江苏快3,12,5900.00,7416.50,0.00,17.02,-1533.52,-25.99%,20200617.xls
百人牛牛,6,5760.00,5738.00,0.00,0.00,22.00,0.38%,20200617.xls
广西快3,11,5518.00,5199.00,570.00,22.86,296.15,5.37%,20200617.xls
传统疯狂飞艇,6,5415.00,6282.54,50.00,0.06,-867.60,-16.02%,20200617.xls
河北快3,7,5052.00,3427.68,157.00,24.65,1599.68,31.66%,20200617.xls
万人红黑大战,5,4968.00,4927.65,0.00,7.58,32.78,0.66%,20200617.xls
贵州快3,3,4399.00,2105.07,0.00,14.48,2279.46,51.82%,20200617.xls
红黑大战,5,3995.00,4049.75,0.00,7.30,-62.05,-1.55%,20200617.xls
森林舞会,5,3990.00,3101.55,0.00,0.00,888.45,22.27%,20200617.xls
万人牛牛,7,3664.00,3163.67,0.00,36.19,464.14,12.67%,20200617.xls
万人射龙门,1,3440.00,3254.00,0.00,0.00,186.00,5.41%,20200617.xls
秒秒彩,5,3318.00,3102.44,0.00,0.00,215.56,6.50%,20200617.xls
湖北快3,9,2956.00,3503.82,0.00,10.91,-558.73,-18.90%,20200617.xls
3分赛车,14,2336.94,1620.79,283.00,4.25,711.90,30.46%,20200617.xls
上海11选5,6,2320.28,3395.49,202.00,0.00,-1075.21,-46.34%,20200617.xls
山东11选5,10,2171.68,2198.60,74.00,1.44,-28.36,-1.31%,20200617.xls
射龙门,3,1725.00,1712.20,0.00,0.00,12.80,0.74%,20200617.xls
5分赛车,8,1520.60,2027.40,30.00,14.82,-521.62,-34.30%,20200617.xls
万人百家乐,3,1490.00,1824.00,400.00,0.00,-334.00,-22.42%,20200617.xls
梭哈,5,1350.00,1085.60,0.00,0.90,263.50,19.52%,20200617.xls
5分彩,3,1161.48,1970.00,0.00,0.00,-808.52,-69.61%,20200617.xls
江苏11选5,5,1103.48,843.98,0.00,0.00,259.51,23.52%,20200617.xls
百人炸金花,4,950.00,1065.90,0.00,0.00,-115.90,-12.20%,20200617.xls
百人二八杠,4,770.00,689.60,0.00,3.35,77.05,10.01%,20200617.xls
江西11选5,4,711.48,670.82,22.00,0.00,40.66,5.71%,20200617.xls
腾讯3分彩,2,703.20,709.20,0.00,0.00,-6.00,-0.85%,20200617.xls
飞禽走兽,2,680.00,540.00,0.00,0.00,140.00,20.59%,20200617.xls
决战梭哈,3,600.00,649.05,0.00,0.55,-49.60,-8.27%,20200617.xls
1分幸运28,11,572.00,401.44,0.00,0.00,170.56,29.82%,20200617.xls
腾讯5分彩,4,513.20,492.50,0.30,0.00,20.70,4.03%,20200617.xls
百人牌九,2,440.00,484.10,0.00,0.00,-44.10,-10.02%,20200617.xls
5分六合,2,401.00,433.20,0.00,0.00,-32.20,-8.03%,20200617.xls
3分彩,3,340.90,217.29,0.00,0.00,123.61,36.26%,20200617.xls
澳门六合彩,3,244.00,1290.61,0.00,2.84,-1049.45,-430.10%,20200617.xls
传统10分赛车,1,184.00,198.00,0.00,0.00,-14.00,-7.61%,20200617.xls
百人三公,3,130.00,49.35,0.00,0.00,80.65,62.04%,20200617.xls
传统3分赛车,4,121.00,116.82,0.00,0.00,4.18,3.45%,20200617.xls
传统10分彩,1,64.00,91.90,0.00,0.00,-27.90,-43.59%,20200617.xls
百人德扑,1,60.00,39.60,0.00,0.00,20.40,34.00%,20200617.xls
传统5分赛车,3,54.00,85.14,0.00,0.00,-31.14,-57.67%,20200617.xls
万人炸金花,1,15.00,0.00,0.00,0.00,15.00,100.00%,20200617.xls
台湾宾果,1,14.00,0.00,0.00,0.00,14.00,100.00%,20200617.xls
小计,,7688550.64,7244834.51,86512.78,13403.96,430312.25,5.60%,20200617.xls
1分快3,742,3514234.00,3389029.50,47600.00,6972.65,118231.85,3.36%,20200618.xls
极速快3,177,1279991.00,1223188.11,0.00,2689.63,54113.27,4.23%,20200618.xls
3分快3,171,305257.00,354477.56,32661.00,744.50,-49965.06,-16.37%,20200618.xls
欢乐生肖,15,205354.00,238811.58,420.00,0.00,-33457.58,-16.29%,20200618.xls
1分赛车,28,114789.64,115807.71,300.00,25.02,-1043.08,-0.91%,20200618.xls
传统1分赛车,16,106961.00,97780.87,1966.00,54.88,9125.25,8.53%,20200618.xls
1分六合,29,106351.00,102496.98,121.00,6.61,3847.42,3.62%,20200618.xls
龙虎斗,34,88290.00,81047.35,0.00,388.39,6854.26,7.76%,20200618.xls
1分彩,50,80407.18,76181.26,98.60,30.52,4195.41,5.22%,20200618.xls
1分11选5,19,54652.60,51571.29,208.20,3.68,3077.63,5.63%,20200618.xls
5分快3,51,53638.00,44062.15,216.00,15.21,9560.64,17.82%,20200618.xls
腾讯1.5分彩,8,38944.42,33526.79,0.00,0.00,5417.63,13.91%,20200618.xls
疯狂飞艇,34,35213.96,34108.77,617.60,15.07,1090.12,3.10%,20200618.xls
传统1分彩,20,32049.00,35843.58,112.00,60.42,-3855.00,-12.03%,20200618.xls
极速赛车,24,27647.60,27249.07,0.00,18.37,380.17,1.38%,20200618.xls
万人龙虎,16,25395.00,25324.30,0.00,43.40,27.30,0.11%,20200618.xls
腾讯时时彩,25,25387.12,25723.71,237.20,24.24,-360.84,-1.42%,20200618.xls
秒秒彩,4,17146.00,19013.65,0.00,0.00,-1867.65,-10.89%,20200618.xls
北京赛车,9,16327.00,18905.04,300.00,0.82,-2578.86,-15.80%,20200618.xls
江苏快3,11,9489.00,11534.26,434.00,24.96,-2070.22,-21.82%,20200618.xls
腾讯3分彩,3,8935.94,2681.38,0.00,0.00,6254.56,69.99%,20200618.xls
六合秒秒,6,8461.00,8984.80,0.00,3.74,-527.54,-6.23%,20200618.xls
飞禽走兽,2,8205.00,7754.40,0.00,9.75,440.85,5.37%,20200618.xls
广东11选5,10,7785.78,3822.88,24.00,0.00,3962.90,50.90%,20200618.xls
3分赛车,12,7354.54,6723.32,39.00,0.84,630.38,8.57%,20200618.xls
上海快3,11,7329.00,7321.52,820.00,28.17,-20.69,-0.28%,20200618.xls
安徽快3,13,7050.00,9146.25,70.00,12.13,-2108.38,-29.91%,20200618.xls
百家乐,7,4985.00,5516.25,0.00,19.60,-550.85,-11.05%,20200618.xls
传统北京赛车,4,4984.00,5713.00,0.00,0.00,-729.00,-14.63%,20200618.xls
河北快3,9,4914.00,5070.42,1002.00,14.47,-170.89,-3.48%,20200618.xls
森林舞会,2,4440.00,4941.10,0.00,65.50,-566.60,-12.76%,20200618.xls
传统欢乐生肖,5,4181.00,4137.31,0.00,34.09,9.61,0.23%,20200618.xls
传统疯狂飞艇,4,3817.00,3423.13,0.00,0.00,393.87,10.32%,20200618.xls
湖北快3,6,3751.00,4523.42,450.00,12.69,-785.11,-20.93%,20200618.xls
百人二八杠,4,3735.00,3329.00,0.00,25.50,380.50,10.19%,20200618.xls
骰宝,6,3560.00,3524.35,0.00,11.15,24.50,0.69%,20200618.xls
梭哈,8,3430.00,2941.65,0.00,0.95,487.40,14.21%,20200618.xls
3分彩,3,3412.44,4228.01,0.00,0.04,-815.61,-23.90%,20200618.xls
万人射龙门,3,3060.00,4557.40,0.00,0.00,-1497.40,-48.93%,20200618.xls
广西快3,8,3031.00,3253.34,15.00,14.52,-236.86,-7.81%,20200618.xls
山东11选5,9,3013.00,2348.60,72.00,2.94,661.46,21.95%,20200618.xls
贵州快3,5,2995.00,2936.32,0.00,6.03,52.66,1.76%,20200618.xls
万人牛牛,4,2803.00,3073.28,0.00,27.96,-298.24,-10.64%,20200618.xls
吉林快3,10,2762.00,1850.89,220.00,19.00,892.12,32.30%,20200618.xls
腾讯5分彩,4,2581.20,2129.78,0.00,0.00,451.42,17.49%,20200618.xls
北京快3,7,2523.00,2341.79,200.00,7.46,173.75,6.89%,20200618.xls
奔驰宝马,4,2415.00,2473.95,0.00,0.40,-59.35,-2.46%,20200618.xls
江苏11选5,7,2382.20,1838.23,0.00,0.00,543.97,22.83%,20200618.xls
百人牛牛,7,2320.00,2193.70,0.00,0.00,126.30,5.44%,20200618.xls
5分彩,1,2300.00,2245.80,0.00,0.00,54.20,2.36%,20200618.xls
澳门六合彩,5,1988.00,880.20,27.00,1.00,1106.80,55.67%,20200618.xls
上海11选5,4,1781.40,1132.56,348.00,0.00,648.84,36.42%,20200618.xls
1分幸运28,10,1718.00,1529.08,0.00,0.00,188.92,11.00%,20200618.xls
百人炸金花,5,1225.00,1065.60,0.00,0.00,159.40,13.01%,20200618.xls
江西11选5,4,1101.00,1829.52,0.00,0.00,-728.52,-66.17%,20200618.xls
甘肃快3,6,1068.00,1629.40,2.00,5.12,-566.52,-53.04%,20200618.xls
传统3分赛车,3,835.00,799.92,3.00,0.00,35.08,4.20%,20200618.xls
5分赛车,7,808.60,514.48,0.00,3.10,291.02,35.99%,20200618.xls
5分六合,3,587.00,0.00,0.00,0.00,587.00,100.00%,20200618.xls
万人百家乐,2,570.00,694.70,0.00,0.06,-124.76,-21.89%,20200618.xls
万人红黑大战,4,559.00,804.00,0.00,2.16,-247.16,-44.21%,20200618.xls
幸运28,2,510.00,558.00,0.00,0.00,-48.00,-9.41%,20200618.xls
红黑大战,3,465.00,889.60,0.00,0.60,-425.20,-91.44%,20200618.xls
百人三公,3,360.00,304.00,0.00,3.45,52.55,14.60%,20200618.xls
传统10分赛车,1,312.00,277.20,0.00,0.00,34.80,11.15%,20200618.xls
传统10分彩,1,236.00,266.75,0.00,0.00,-30.75,-13.03%,20200618.xls
百人德扑,1,120.00,39.60,0.00,0.00,80.40,67.00%,20200618.xls
传统5分赛车,1,96.00,91.08,0.00,0.00,4.92,5.13%,20200618.xls
射龙门,1,60.00,32.60,0.00,0.30,27.10,45.17%,20200618.xls
百人牌九,1,50.00,69.00,0.00,0.00,-19.00,-38.00%,20200618.xls
万人炸金花,1,5.00,0.00,0.00,0.00,5.00,100.00%,20200618.xls
小计,,6284495.62,6144116.09,88583.60,11451.09,128928.51,2.05%,20200618.xls
1分快3,691,4578874.00,4448620.06,53955.00,19090.06,111163.87,2.43%,20200619.xls
极速快3,139,1313376.00,1252934.15,0.00,3153.36,57288.49,4.36%,20200619.xls
3分快3,154,226805.00,210726.08,15437.00,454.71,15624.20,6.89%,20200619.xls
欢乐生肖,15,110497.18,100373.42,0.00,0.00,10123.76,9.16%,20200619.xls
1分赛车,30,75623.54,73389.88,48.00,4.03,2229.64,2.95%,20200619.xls
龙虎斗,34,74525.00,64710.40,0.00,283.68,9530.93,12.79%,20200619.xls
1分彩,43,62357.88,59247.20,65.80,23.52,3087.16,4.95%,20200619.xls
传统1分彩,19,50867.00,50964.24,25.00,112.81,-210.05,-0.41%,20200619.xls
疯狂飞艇,35,45997.26,42208.29,944.00,13.36,3775.62,8.21%,20200619.xls
1分六合,26,45486.00,44205.11,28.00,64.55,1216.34,2.67%,20200619.xls
极速赛车,23,38546.60,35400.06,0.00,138.62,3007.92,7.80%,20200619.xls
万人龙虎,15,37270.00,44476.45,0.00,73.16,-7279.61,-19.53%,20200619.xls
5分快3,34,36991.00,36609.96,708.00,20.74,360.30,0.97%,20200619.xls
腾讯时时彩,24,34737.86,35188.85,453.50,0.00,-450.99,-1.30%,20200619.xls
传统1分赛车,17,31257.00,27861.97,2360.00,27.33,3367.70,10.77%,20200619.xls
森林舞会,6,27985.00,27383.95,0.00,320.95,280.10,1.00%,20200619.xls
腾讯1.5分彩,9,27304.24,25971.01,9.00,0.00,1333.23,4.88%,20200619.xls
北京赛车,7,21254.20,17358.57,2000.00,0.03,3895.60,18.33%,20200619.xls
腾讯3分彩,7,19493.80,18751.01,17.20,0.00,742.79,3.81%,20200619.xls
3分彩,3,17232.80,18596.80,0.00,0.00,-1364.00,-7.92%,20200619.xls
万人百家乐,1,14500.00,12747.50,0.00,0.00,1752.50,12.09%,20200619.xls
安徽快3,12,14229.00,13533.47,505.00,8.92,686.62,4.83%,20200619.xls
1分11选5,19,13629.46,13366.35,42.60,5.21,257.90,1.89%,20200619.xls
传统欢乐生肖,7,11304.00,14080.01,0.00,53.28,-2829.29,-25.03%,20200619.xls
江苏快3,13,10420.00,5193.10,150.00,11.78,5215.12,50.05%,20200619.xls
百家乐,7,9690.00,10886.05,0.00,3.00,-1199.05,-12.37%,20200619.xls
传统北京赛车,6,9019.00,10517.83,157.00,0.00,-1498.83,-16.62%,20200619.xls
腾讯5分彩,4,8793.20,10263.70,0.00,0.00,-1470.50,-16.72%,20200619.xls
北京快3,9,8657.00,6348.32,446.00,34.96,2273.72,26.26%,20200619.xls
飞禽走兽,2,8255.00,6956.25,0.00,44.51,1254.24,15.19%,20200619.xls
传统疯狂飞艇,7,7062.00,8318.98,0.00,20.90,-1277.88,-18.10%,20200619.xls
万人射龙门,2,6300.00,6987.00,0.00,0.00,-687.00,-10.90%,20200619.xls
万人牛牛,5,4965.00,5201.80,0.00,48.09,-284.89,-5.74%,20200619.xls
骰宝,8,4420.00,4235.15,0.00,15.40,169.45,3.83%,20200619.xls
秒秒彩,3,4056.00,4685.34,0.00,0.00,-629.34,-15.52%,20200619.xls
梭哈,7,3705.00,4364.00,0.00,3.70,-662.70,-17.89%,20200619.xls
湖北快3,8,3574.00,3329.39,0.00,4.53,240.09,6.72%,20200619.xls
5分彩,3,3238.16,2830.23,0.00,0.00,407.93,12.60%,20200619.xls
贵州快3,6,3203.00,494.48,0.00,4.23,2704.29,84.43%,20200619.xls
广西快3,9,2722.00,1741.66,270.00,3.56,976.78,35.88%,20200619.xls
红黑大战,4,2635.00,3117.60,0.00,1.60,-484.20,-18.38%,20200619.xls
吉林快3,10,2371.00,3507.53,630.00,9.00,-1145.53,-48.31%,20200619.xls
六合秒秒,4,2364.00,2451.69,0.00,0.00,-87.69,-3.71%,20200619.xls
山东11选5,10,2142.70,2317.07,24.00,1.20,-175.57,-8.19%,20200619.xls
广东11选5,10,2131.74,1970.55,108.00,0.00,161.19,7.56%,20200619.xls
3分赛车,11,2039.94,1534.02,0.00,0.83,505.09,24.76%,20200619.xls
上海快3,7,1739.00,1490.76,0.00,6.56,241.68,13.90%,20200619.xls
河北快3,9,1592.00,2031.70,157.00,7.41,-447.11,-28.08%,20200619.xls
江西11选5,3,1321.00,2330.46,16.00,0.00,-1009.46,-76.42%,20200619.xls
5分六合,3,1109.00,825.95,0.00,0.19,282.86,25.51%,20200619.xls
传统10分彩,2,1000.00,715.74,0.00,0.00,284.26,28.43%,20200619.xls
百人二八杠,3,965.00,732.60,0.00,0.10,232.30,24.07%,20200619.xls
江苏11选5,5,829.00,577.17,0.00,0.00,251.83,30.38%,20200619.xls
1分幸运28,5,695.00,693.65,2.00,0.00,1.35,0.19%,20200619.xls
百人牛牛,6,635.00,683.60,0.00,6.60,-55.20,-8.69%,20200619.xls
上海11选5,3,556.00,1448.37,0.00,0.00,-892.37,-160.50%,20200619.xls
百人炸金花,2,555.00,326.55,0.00,0.00,228.45,41.16%,20200619.xls
奔驰宝马,2,540.00,643.50,0.00,0.00,-103.50,-19.17%,20200619.xls
传统5分赛车,2,522.00,118.80,0.00,0.00,403.20,77.24%,20200619.xls
澳门六合彩,4,407.00,1269.70,0.00,1.60,-864.30,-212.36%,20200619.xls
射龙门,2,330.00,394.00,0.00,0.00,-64.00,-19.39%,20200619.xls
5分赛车,8,284.80,445.99,0.00,0.22,-161.41,-56.67%,20200619.xls
传统3分赛车,4,234.00,305.70,0.00,0.88,-72.58,-31.02%,20200619.xls
甘肃快3,5,180.00,33.66,13.00,0.11,146.23,81.24%,20200619.xls
万人红黑大战,3,83.00,94.59,0.00,0.33,-11.92,-14.36%,20200619.xls
幸运28,1,10.00,3.90,0.00,0.00,6.10,61.00%,20200619.xls
10分六合,1,5.00,9.90,0.00,0.00,-4.90,-98.00%,20200619.xls
小计,,7055499.36,6811132.82,78571.10,24079.61,220286.96,3.12%,20200619.xls
1分快3,693,3793840.00,3674754.37,52592.00,8109.06,110976.58,2.93%,20200620.xls
极速快3,160,1105312.00,1056004.97,0.00,2149.48,47157.54,4.27%,20200620.xls
3分快3,143,250055.00,229484.16,11576.00,633.06,19937.78,7.97%,20200620.xls
欢乐生肖,15,116489.54,106763.12,4400.00,5.82,9720.60,8.34%,20200620.xls
龙虎斗,29,92450.00,90617.05,0.00,166.57,1666.38,1.80%,20200620.xls
5分快3,37,58366.00,54352.11,124.00,36.43,3977.45,6.81%,20200620.xls
传统1分彩,27,51363.00,51358.29,903.00,112.12,-107.41,-0.21%,20200620.xls
1分彩,39,48035.56,44655.75,5.96,17.94,3361.87,7.00%,20200620.xls
1分赛车,30,43979.38,39027.73,140.54,192.75,4758.90,10.82%,20200620.xls
万人龙虎,18,35975.00,39030.55,0.00,100.68,-3156.23,-8.77%,20200620.xls
1分六合,21,30632.00,36373.47,8.00,36.43,-5777.90,-18.86%,20200620.xls
百人牛牛,7,29890.00,32825.75,0.00,0.00,-2935.75,-9.82%,20200620.xls
疯狂飞艇,28,29684.48,30691.84,8.08,9.94,-1017.30,-3.43%,20200620.xls
百家乐,5,26805.00,21412.10,0.00,0.00,5392.90,20.12%,20200620.xls
传统1分赛车,16,23128.00,22734.98,1169.00,55.53,337.50,1.46%,20200620.xls
森林舞会,5,19330.00,16800.25,0.00,336.54,2193.21,11.35%,20200620.xls
江苏快3,15,16253.00,18331.69,101.00,33.14,-2111.83,-12.99%,20200620.xls
腾讯时时彩,22,15129.08,15152.72,0.00,0.18,-23.82,-0.16%,20200620.xls
北京赛车,5,14234.42,12913.56,0.00,0.00,1320.86,9.28%,20200620.xls
腾讯1.5分彩,9,13283.00,13893.13,0.42,1.25,-611.38,-4.60%,20200620.xls
极速赛车,18,12097.76,11050.35,0.00,1.71,1045.70,8.64%,20200620.xls
吉林快3,11,11912.00,10022.76,787.00,14.38,1874.86,15.74%,20200620.xls
传统北京赛车,5,11099.00,9195.96,50.00,0.00,1903.04,17.15%,20200620.xls
腾讯3分彩,5,10670.90,11013.78,0.00,0.01,-342.89,-3.21%,20200620.xls
万人牛牛,4,9240.00,6879.00,0.00,86.40,2274.60,24.62%,20200620.xls
传统欢乐生肖,5,7086.00,2430.97,0.00,40.22,4614.81,65.13%,20200620.xls
广西快3,15,6285.00,6423.47,1201.00,25.39,-163.86,-2.61%,20200620.xls
传统疯狂飞艇,4,5576.00,4960.77,0.00,0.15,615.08,11.03%,20200620.xls
秒秒彩,1,5504.00,6609.18,0.00,0.00,-1105.18,-20.08%,20200620.xls
1分11选5,15,5369.52,4474.45,28.96,35.73,859.34,16.00%,20200620.xls
骰宝,4,5275.00,5973.50,0.00,2.70,-701.20,-13.29%,20200620.xls
上海快3,12,5105.00,5919.15,0.00,14.03,-828.18,-16.22%,20200620.xls
北京快3,8,4629.00,6516.09,591.00,13.38,-1900.47,-41.06%,20200620.xls
奔驰宝马,6,4425.00,5235.65,0.00,6.13,-816.78,-18.46%,20200620.xls
万人红黑大战,3,4100.00,3186.91,0.00,11.31,901.78,21.99%,20200620.xls
腾讯5分彩,6,3796.48,3112.60,0.00,0.01,683.87,18.01%,20200620.xls
湖北快3,10,3782.00,4793.99,0.00,9.11,-1021.10,-27.00%,20200620.xls
万人射龙门,2,3670.00,3465.00,0.00,0.00,205.00,5.59%,20200620.xls
贵州快3,8,3544.00,3450.29,0.00,7.67,86.05,2.43%,20200620.xls
安徽快3,11,3344.00,4397.30,12.00,4.22,-1057.52,-31.62%,20200620.xls
甘肃快3,10,3101.00,3830.45,0.00,14.43,-743.88,-23.99%,20200620.xls
澳门六合彩,7,2257.00,3591.17,120.00,5.97,-1340.14,-59.38%,20200620.xls
河北快3,10,2177.00,1838.31,8.00,9.91,328.79,15.10%,20200620.xls
1分幸运28,8,2155.00,1711.84,6.00,0.00,443.16,20.56%,20200620.xls
红黑大战,4,1750.00,1141.65,0.00,1.94,606.42,34.65%,20200620.xls
六合秒秒,5,1711.00,2397.54,0.00,0.00,-686.54,-40.13%,20200620.xls
山东11选5,7,1589.00,1019.96,190.00,0.00,569.04,35.81%,20200620.xls
广东11选5,3,1348.08,1399.64,50.00,0.00,-51.56,-3.82%,20200620.xls
3分彩,3,1328.10,1615.58,0.00,0.01,-287.49,-21.65%,20200620.xls
万人百家乐,2,1120.00,927.80,0.00,0.06,192.14,17.16%,20200620.xls
百人三公,1,1095.00,797.85,0.00,0.00,297.15,27.14%,20200620.xls
百人炸金花,4,1090.00,1069.20,0.00,0.05,20.75,1.90%,20200620.xls
江苏11选5,4,1051.78,543.98,5.00,0.00,507.80,48.28%,20200620.xls
百人二八杠,2,880.00,772.20,0.00,0.00,107.80,12.25%,20200620.xls
上海11选5,5,821.40,729.63,8.00,0.00,91.77,11.17%,20200620.xls
5分彩,1,780.00,807.70,0.00,0.00,-27.70,-3.55%,20200620.xls
3分赛车,9,442.70,488.07,0.00,0.36,-45.73,-10.33%,20200620.xls
5分赛车,8,376.78,263.39,0.00,0.50,112.89,29.96%,20200620.xls
传统5分赛车,2,324.00,613.70,0.00,0.00,-289.70,-89.41%,20200620.xls
飞禽走兽,1,285.00,209.65,0.00,0.18,75.18,26.38%,20200620.xls
5分六合,1,149.00,48.51,0.00,0.00,100.49,67.44%,20200620.xls
传统10分赛车,2,109.00,160.38,0.00,0.00,-51.38,-47.14%,20200620.xls
江西11选5,3,92.00,98.01,0.00,0.00,-6.01,-6.53%,20200620.xls
百人牌九,1,75.00,49.60,0.00,0.00,25.40,33.87%,20200620.xls
传统10分彩,1,50.00,0.00,0.00,0.00,50.00,100.00%,20200620.xls
百人德扑,1,50.00,0.00,0.00,0.00,50.00,100.00%,20200620.xls
梭哈,2,30.00,0.00,0.00,0.00,30.00,100.00%,20200620.xls
10分六合,1,3.00,3.96,1.00,0.00,-0.96,-32.00%,20200620.xls
小计,,5966985.96,5752418.53,74085.96,12302.88,202264.59,3.39%,20200620.xls
1分快3,681,4108531.00,3911293.77,38425.00,6676.75,190560.48,4.64%,20200621.xls
极速快3,148,874180.00,836254.90,0.00,1228.25,36696.86,4.20%,20200621.xls
3分快3,148,440635.00,417682.44,25890.00,866.26,22086.30,5.01%,20200621.xls
龙虎斗,34,226185.00,221517.25,0.00,1787.46,2880.30,1.27%,20200621.xls
欢乐生肖,16,139291.28,135157.47,3491.00,7.82,4125.99,2.96%,20200621.xls
北京赛车,12,111253.00,110432.49,1410.00,440.42,380.09,0.34%,20200621.xls
5分快3,40,105557.00,92803.30,35.00,60.59,12693.11,12.02%,20200621.xls
万人龙虎,18,98595.00,101531.35,20.00,228.65,-3165.00,-3.21%,20200621.xls
1分六合,25,89920.00,84189.52,820.00,46.42,5684.06,6.32%,20200621.xls
1分彩,35,56937.94,57444.54,0.80,24.35,-530.95,-0.93%,20200621.xls
传统1分彩,18,48261.00,48032.70,5.00,69.71,158.59,0.33%,20200621.xls
1分赛车,33,40809.34,37502.52,48.12,6.46,3300.36,8.09%,20200621.xls
腾讯时时彩,16,30647.30,28515.28,16.00,13.48,2118.54,6.91%,20200621.xls
百家乐,7,29175.00,27255.00,0.00,129.00,1791.00,6.14%,20200621.xls
疯狂飞艇,31,27635.38,28203.38,66.00,15.37,-583.37,-2.11%,20200621.xls
极速赛车,16,25071.34,25319.70,0.00,137.91,-386.27,-1.54%,20200621.xls
万人牛牛,6,20463.00,16377.12,0.00,5.35,4080.53,19.94%,20200621.xls
秒秒彩,4,17878.00,17501.91,0.00,1.05,375.04,2.10%,20200621.xls
传统1分赛车,12,17190.00,17160.45,914.00,6.60,22.95,0.13%,20200621.xls
传统北京赛车,5,13714.00,11439.79,347.00,0.00,2274.21,16.58%,20200621.xls
万人红黑大战,8,12001.00,10985.12,0.00,6.78,1009.10,8.41%,20200621.xls
澳门六合彩,8,11808.00,13736.80,0.00,7.21,-1936.01,-16.40%,20200621.xls
百人牛牛,6,10750.00,11525.90,0.00,0.85,-776.75,-7.23%,20200621.xls
传统欢乐生肖,4,9977.00,8620.26,0.00,91.39,1265.35,12.68%,20200621.xls
1分11选5,12,9382.08,7690.42,1012.66,36.93,1654.73,17.64%,20200621.xls
飞禽走兽,2,8185.00,7923.25,0.00,16.94,244.82,2.99%,20200621.xls
江苏快3,20,7266.00,3496.21,337.00,15.95,3753.84,51.66%,20200621.xls
百人三公,1,7060.00,5062.90,0.00,0.00,1997.10,28.29%,20200621.xls
六合秒秒,7,7042.00,6357.11,0.00,0.57,684.32,9.72%,20200621.xls
腾讯3分彩,3,6901.20,5641.00,0.00,0.00,1260.20,18.26%,20200621.xls
奔驰宝马,6,6685.00,5371.75,0.00,24.15,1289.10,19.28%,20200621.xls
3分赛车,14,6523.26,6077.02,56.00,4.44,441.81,6.77%,20200621.xls
森林舞会,3,5820.00,5039.95,0.00,69.83,710.23,12.20%,20200621.xls
腾讯1.5分彩,7,5000.72,5632.83,1.40,4.10,-636.21,-12.72%,20200621.xls
万人射龙门,3,4620.00,5442.25,0.00,0.00,-822.25,-17.80%,20200621.xls
骰宝,2,4570.00,4682.70,0.00,0.00,-112.70,-2.47%,20200621.xls
梭哈,2,4470.00,4221.80,0.00,0.00,248.20,5.55%,20200621.xls
安徽快3,16,3573.00,3273.74,489.00,4.83,294.43,8.24%,20200621.xls
吉林快3,10,3436.00,3639.73,44.00,15.59,-219.32,-6.38%,20200621.xls
湖北快3,11,2700.00,2567.04,12.00,6.54,126.43,4.68%,20200621.xls
贵州快3,10,2698.00,825.63,100.00,6.29,1866.09,69.17%,20200621.xls
上海快3,9,2208.00,875.32,195.00,2.29,1330.39,60.25%,20200621.xls
北京快3,7,2118.00,1901.12,964.00,5.73,211.16,9.97%,20200621.xls
甘肃快3,6,2064.00,1540.57,201.00,6.51,516.92,25.04%,20200621.xls
广西快3,10,1890.00,2294.14,20.00,8.14,-412.28,-21.81%,20200621.xls
百人炸金花,6,1545.00,1542.15,0.00,1.70,1.15,0.07%,20200621.xls
广东11选5,8,1248.88,1065.78,150.00,0.00,183.10,14.66%,20200621.xls
山东11选5,7,1143.40,294.03,20.00,0.19,849.18,74.27%,20200621.xls
上海11选5,5,843.00,261.36,10.00,0.00,581.64,69.00%,20200621.xls
河北快3,7,788.00,1334.01,330.00,3.73,-549.74,-69.76%,20200621.xls
红黑大战,3,635.00,394.90,0.00,1.69,238.42,37.55%,20200621.xls
江苏11选5,4,512.00,54.45,0.00,0.00,457.55,89.37%,20200621.xls
传统疯狂飞艇,6,356.00,157.82,0.00,1.28,196.90,55.31%,20200621.xls
百人二八杠,1,350.00,752.40,0.00,0.00,-402.40,-114.97%,20200621.xls
5分六合,2,328.00,152.00,0.00,0.00,176.00,53.66%,20200621.xls
1分幸运28,6,285.00,330.08,0.00,0.00,-45.08,-15.82%,20200621.xls
5分赛车,7,219.08,281.36,0.00,0.00,-62.28,-28.43%,20200621.xls
江西11选5,1,212.00,1012.77,0.00,0.00,-800.77,-377.72%,20200621.xls
3分彩,1,189.00,197.00,0.00,0.00,-8.00,-4.23%,20200621.xls
10分六合,2,124.00,59.40,9.00,0.00,64.60,52.10%,20200621.xls
传统10分赛车,1,70.00,99.00,0.00,0.00,-29.00,-41.43%,20200621.xls
射龙门,1,40.00,61.60,0.00,0.00,-21.60,-54.00%,20200621.xls
百人德扑,1,15.00,0.00,0.00,0.00,15.00,100.00%,20200621.xls
万人炸金花,2,10.00,0.00,0.00,0.05,9.95,99.50%,20200621.xls
传统5分赛车,0,0.00,0.00,9.00,0.00,0.00,0.00%,20200621.xls
腾讯5分彩,0,0.00,0.00,2.00,0.00,0.00,0.00%,20200621.xls
小计,,6679591.20,6368089.55,75449.98,12095.60,299406.14,4.48%,20200621.xls
1分快3,642,5639736.00,5272336.00,62428.00,9505.27,357894.73,6.35%,20200622.xls
极速快3,158,1151787.00,1111032.27,0.00,1529.22,39225.51,3.41%,20200622.xls
欢乐生肖,15,442625.78,427797.95,421.00,11.50,14816.33,3.35%,20200622.xls
龙虎斗,36,305265.00,264697.85,0.00,2663.44,37903.71,12.42%,20200622.xls
3分快3,139,236975.00,230860.94,11926.00,552.02,5562.04,2.35%,20200622.xls
传统1分彩,17,134565.00,136979.83,30.00,57.58,-2472.41,-1.84%,20200622.xls
1分彩,42,98015.48,91969.46,1353.20,217.74,5828.28,5.95%,20200622.xls
腾讯时时彩,26,62055.96,60104.42,735.88,48.27,1903.27,3.07%,20200622.xls
5分快3,47,53185.00,50055.43,11322.00,19.80,3109.77,5.85%,20200622.xls
传统1分赛车,16,49650.00,46790.18,5727.00,39.62,2820.20,5.68%,20200622.xls
万人龙虎,19,36960.00,31928.15,10.00,46.00,4985.85,13.49%,20200622.xls
1分六合,26,27350.00,24445.67,6.00,73.55,2830.79,10.35%,20200622.xls
疯狂飞艇,26,25956.70,26562.29,370.20,6.53,-612.11,-2.36%,20200622.xls
秒秒彩,1,20722.00,23033.85,0.00,0.00,-2311.85,-11.16%,20200622.xls
1分赛车,31,19099.78,16947.78,420.00,7.60,2144.40,11.23%,20200622.xls
传统欢乐生肖,4,18361.00,12208.60,0.00,147.75,6004.65,32.70%,20200622.xls
极速赛车,19,14131.02,14200.12,0.00,7.82,-76.92,-0.54%,20200622.xls
百家乐,7,12900.00,11871.25,0.00,1.40,1027.35,7.96%,20200622.xls
万人红黑大战,5,12820.00,15226.50,110.00,4.97,-2411.47,-18.81%,20200622.xls
澳门六合彩,6,11180.00,8971.83,1400.00,3.25,2204.92,19.72%,20200622.xls
传统北京赛车,4,11024.00,9574.20,0.00,0.00,1449.80,13.15%,20200622.xls
安徽快3,12,10411.00,7365.93,4.00,4.03,3041.04,29.21%,20200622.xls
森林舞会,4,9220.00,10840.50,0.00,25.50,-1646.00,-17.85%,20200622.xls
3分赛车,12,8468.54,8795.11,0.00,0.00,-326.57,-3.86%,20200622.xls
腾讯3分彩,4,7484.40,692.00,0.00,0.00,6792.40,90.75%,20200622.xls
百人牛牛,6,6960.00,6498.60,0.00,0.00,461.40,6.63%,20200622.xls
梭哈,5,5220.00,4637.45,0.00,4.73,577.83,11.07%,20200622.xls
腾讯5分彩,2,4853.12,5149.58,2.00,0.00,-296.46,-6.11%,20200622.xls
万人射龙门,3,4820.00,5951.20,0.00,0.00,-1131.20,-23.47%,20200622.xls
江苏快3,11,4809.00,4968.84,15.00,1.92,-161.76,-3.36%,20200622.xls
腾讯1.5分彩,6,3836.76,3384.02,0.00,0.00,452.74,11.80%,20200622.xls
5分赛车,9,3566.84,3349.43,0.00,25.64,191.77,5.38%,20200622.xls
湖北快3,4,3101.00,4355.40,125.00,5.99,-1260.39,-40.64%,20200622.xls
骰宝,5,2945.00,1819.80,0.00,3.50,1121.70,38.09%,20200622.xls
奔驰宝马,7,2805.00,1732.20,0.00,0.33,1072.48,38.23%,20200622.xls
万人牛牛,3,2539.00,2172.92,0.00,0.00,366.08,14.42%,20200622.xls
上海快3,6,2267.00,2700.31,94.00,8.62,-441.93,-19.49%,20200622.xls
六合秒秒,5,2248.00,2468.70,0.00,7.04,-227.74,-10.13%,20200622.xls
北京快3,10,2192.00,2546.62,404.00,4.94,-359.56,-16.40%,20200622.xls
吉林快3,8,1946.00,3520.48,0.00,9.94,-1584.42,-81.42%,20200622.xls
1分11选5,14,1941.78,1798.63,22.02,13.51,129.64,6.68%,20200622.xls
红黑大战,5,1685.00,1834.80,0.00,12.38,-162.18,-9.62%,20200622.xls
百人炸金花,6,1660.00,1720.20,0.00,3.40,-63.60,-3.83%,20200622.xls
河北快3,11,1341.00,766.92,5.00,5.72,568.37,42.38%,20200622.xls
甘肃快3,6,1286.00,245.02,180.00,1.69,1039.29,80.82%,20200622.xls
山东11选5,7,1278.46,402.96,60.00,0.00,875.50,68.48%,20200622.xls
广西快3,8,1267.00,1202.11,290.00,3.33,61.56,4.86%,20200622.xls
传统10分赛车,1,863.00,940.50,30.00,0.00,-77.50,-8.98%,20200622.xls
广东11选5,7,841.94,945.84,0.00,0.00,-103.90,-12.34%,20200622.xls
贵州快3,2,835.00,979.09,20.00,4.16,-148.25,-17.75%,20200622.xls
万人炸金花,1,780.00,1241.10,0.00,0.00,-461.10,-59.12%,20200622.xls
上海11选5,5,540.26,250.47,0.00,0.00,289.79,53.64%,20200622.xls
江苏11选5,5,538.00,793.88,0.00,0.00,-255.88,-47.56%,20200622.xls
传统10分彩,1,500.00,659.70,0.00,0.00,-159.70,-31.94%,20200622.xls
射龙门,1,440.00,452.00,0.00,0.00,-12.00,-2.73%,20200622.xls
江西11选5,3,305.00,140.58,0.00,0.00,164.42,53.91%,20200622.xls
北京赛车,2,280.00,623.07,80.60,0.17,-343.24,-122.59%,20200622.xls
飞禽走兽,4,255.00,155.60,0.00,4.16,95.25,37.35%,20200622.xls
1分幸运28,6,209.00,23.90,0.00,0.00,185.10,88.56%,20200622.xls
传统疯狂飞艇,3,133.00,69.10,0.00,0.00,63.90,48.05%,20200622.xls
3分彩,3,107.12,91.60,0.00,0.00,15.52,14.49%,20200622.xls
百人牌九,1,100.00,137.90,0.00,0.00,-37.90,-37.90%,20200622.xls
百人三公,1,60.00,39.40,0.00,0.00,20.60,34.33%,20200622.xls
传统3分赛车,1,30.00,59.10,0.00,0.00,-29.10,-97.00%,20200622.xls
百人德扑,2,25.00,5.00,0.00,0.00,20.00,80.00%,20200622.xls
万人百家乐,1,20.00,39.00,0.00,0.00,-19.00,-95.00%,20200622.xls
百人二八杠,1,5.00,0.00,0.00,0.03,4.98,99.60%,20200622.xls
10分六合,1,1.00,0.00,0.00,0.00,1.00,100.00%,20200622.xls
小计,,8491384.94,7986161.13,97590.90,15094.06,490129.82,5.77%,20200622.xls
1分快3,622,4361120.00,4152335.63,57278.00,9948.94,198835.43,4.56%,20200623.xls
极速快3,157,1359943.00,1308994.84,0.00,993.01,49955.15,3.67%,20200623.xls
龙虎斗,23,256105.00,258249.20,0.00,2486.14,-4630.34,-1.81%,20200623.xls
欢乐生肖,16,194884.46,193321.29,54.50,11.20,1551.97,0.80%,20200623.xls
3分快3,128,184128.00,179078.48,11336.00,532.15,4517.37,2.45%,20200623.xls
奔驰宝马,4,116625.00,104395.50,0.00,0.00,12229.50,10.49%,20200623.xls
1分彩,41,52620.52,50108.82,712.76,117.05,2394.66,4.55%,20200623.xls
万人龙虎,17,45345.00,43757.50,5.00,371.16,1216.34,2.68%,20200623.xls
腾讯时时彩,15,32748.72,32354.20,165.40,18.68,375.84,1.15%,20200623.xls
1分六合,21,31399.00,29471.94,0.00,12.19,1914.87,6.10%,20200623.xls
疯狂飞艇,25,30494.98,26484.94,605.56,4.36,4005.68,13.14%,20200623.xls
传统1分彩,20,29561.00,31747.17,43.00,42.43,-2228.60,-7.54%,20200623.xls
5分快3,35,29342.00,26544.08,590.00,34.94,2762.98,9.42%,20200623.xls
1分赛车,25,20111.10,21568.09,35.00,54.31,-1511.30,-7.51%,20200623.xls
3分赛车,12,19704.50,19995.05,0.00,2.40,-292.95,-1.49%,20200623.xls
飞禽走兽,2,18770.00,16724.75,0.00,18.69,2026.56,10.80%,20200623.xls
传统欢乐生肖,2,14778.00,17284.63,701.00,187.59,-2694.22,-18.23%,20200623.xls
传统1分赛车,14,12203.00,10773.75,10.00,30.49,1398.76,11.46%,20200623.xls
万人红黑大战,5,11406.00,10982.75,0.00,1.86,421.39,3.69%,20200623.xls
安徽快3,19,11215.00,16780.40,197.00,70.09,-5635.49,-50.25%,20200623.xls
河北快3,10,9314.00,15002.91,419.00,81.39,-5770.30,-61.95%,20200623.xls
极速赛车,17,8129.72,6200.73,0.00,6.77,1922.22,23.64%,20200623.xls
江苏快3,13,7817.00,6223.17,131.00,30.59,1563.24,20.00%,20200623.xls
秒秒彩,1,7206.00,5144.93,0.00,0.00,2061.07,28.60%,20200623.xls
万人射龙门,3,6880.00,7576.20,0.00,0.00,-696.20,-10.12%,20200623.xls
1分幸运28,8,6224.00,5947.39,0.00,0.00,276.61,4.44%,20200623.xls
万人炸金花,1,5440.00,5378.10,0.00,0.00,61.90,1.14%,20200623.xls
百家乐,6,5260.00,5102.80,0.00,0.10,157.10,2.99%,20200623.xls
1分11选5,16,5060.08,3085.43,37.34,26.78,1947.88,38.50%,20200623.xls
传统北京赛车,5,4757.00,6205.50,70.00,0.00,-1448.50,-30.45%,20200623.xls
北京快3,9,4362.00,7130.55,0.00,28.70,-2797.25,-64.13%,20200623.xls
传统疯狂飞艇,5,4179.00,4519.83,20.00,14.00,-354.83,-8.49%,20200623.xls
广东11选5,9,4149.82,5151.68,41.20,0.20,-1002.06,-24.15%,20200623.xls
吉林快3,8,3767.00,5705.79,0.00,33.97,-1972.76,-52.37%,20200623.xls
森林舞会,3,2740.00,2919.10,0.00,0.00,-179.10,-6.54%,20200623.xls
百人牛牛,6,2655.00,3098.35,0.00,0.10,-443.45,-16.70%,20200623.xls
上海快3,6,2540.00,1866.76,0.00,19.33,653.91,25.74%,20200623.xls
湖北快3,6,2362.00,1546.55,0.00,7.40,808.06,34.21%,20200623.xls
山东11选5,5,1935.80,1343.08,70.00,0.00,592.72,30.62%,20200623.xls
广西快3,5,1756.00,1007.55,170.00,7.71,740.75,42.18%,20200623.xls
江苏11选5,6,1416.00,930.79,180.00,0.20,485.01,34.25%,20200623.xls
梭哈,4,1335.00,1346.10,0.00,1.10,-12.20,-0.91%,20200623.xls
百人炸金花,3,1105.00,1009.80,0.00,0.00,95.20,8.62%,20200623.xls
红黑大战,3,1090.00,1195.50,0.00,0.00,-105.50,-9.68%,20200623.xls
上海11选5,4,1082.80,1295.91,8.00,0.00,-213.11,-19.68%,20200623.xls
六合秒秒,2,1024.00,930.78,0.00,0.00,93.22,9.10%,20200623.xls
腾讯1.5分彩,3,921.20,1479.49,0.00,0.00,-558.29,-60.60%,20200623.xls
骰宝,4,875.00,295.60,0.00,5.00,574.40,65.65%,20200623.xls
万人牛牛,3,712.00,778.15,0.00,0.00,-66.15,-9.29%,20200623.xls
5分赛车,9,701.84,661.16,0.00,3.80,36.88,5.25%,20200623.xls
贵州快3,3,698.00,1050.11,40.00,1.31,-353.42,-50.63%,20200623.xls
腾讯5分彩,1,556.80,0.00,0.00,0.00,556.80,100.00%,20200623.xls
江西11选5,2,550.00,65.34,8.00,0.00,484.66,88.12%,20200623.xls
百人德扑,1,330.00,316.80,0.00,0.00,13.20,4.00%,20200623.xls
甘肃快3,3,318.00,98.50,40.00,0.30,219.20,68.93%,20200623.xls
传统3分赛车,2,276.00,143.70,0.00,9.84,122.46,44.37%,20200623.xls
澳门六合彩,2,124.00,146.70,0.00,0.10,-22.80,-18.39%,20200623.xls
5分六合,1,106.00,0.00,9.00,0.00,106.00,100.00%,20200623.xls
5分彩,1,90.00,197.00,0.00,0.00,-107.00,-118.89%,20200623.xls
传统5分赛车,2,89.00,76.56,0.00,3.12,9.32,10.47%,20200623.xls
传统10分赛车,1,66.00,49.50,0.00,0.00,16.50,25.00%,20200623.xls
百人牌九,2,55.00,0.00,0.00,0.10,54.90,99.82%,20200623.xls
腾讯3分彩,1,43.40,0.00,0.00,0.00,43.40,100.00%,20200623.xls
射龙门,1,40.00,30.10,0.00,0.00,9.90,24.75%,20200623.xls
传统10分彩,1,34.00,0.00,0.00,1.36,32.64,96.00%,20200623.xls
传统10分快3,1,27.00,0.00,0.00,1.08,25.92,96.00%,20200623.xls
百人二八杠,1,20.00,39.40,0.00,0.00,-19.40,-97.00%,20200623.xls
10分六合,1,5.00,9.50,0.00,0.20,-4.70,-94.00%,20200623.xls
小计,,6942729.74,6663255.90,72976.76,15222.23,264251.65,3.81%,20200623.xls
1分快3,630,4227664.00,4001542.14,131943.00,5025.10,221096.76,5.23%,20200624.xls
极速快3,153,1242259.00,1204230.10,0.00,1360.32,36668.59,2.95%,20200624.xls
万人龙虎,18,531895.00,532978.25,0.00,4679.31,-5762.56,-1.08%,20200624.xls
龙虎斗,34,284540.00,286877.20,0.00,2082.53,-4419.73,-1.55%,20200624.xls
3分快3,121,234027.00,220063.99,13357.00,653.07,13309.94,5.69%,20200624.xls
欢乐生肖,15,183838.98,286628.06,36.00,5.35,-102794.43,-55.92%,20200624.xls
1分六合,24,65697.00,62318.12,473.00,74.07,3304.82,5.03%,20200624.xls
传统1分彩,22,61952.00,58917.97,426.00,26.41,3007.62,4.85%,20200624.xls
万人牛牛,6,57624.00,59805.41,300.00,901.70,-3083.11,-5.35%,20200624.xls
5分快3,40,57504.00,62048.00,1197.00,40.94,-4584.94,-7.97%,20200624.xls
百家乐,9,53860.00,50268.60,0.00,2.65,3588.75,6.66%,20200624.xls
1分彩,36,48174.36,50021.01,185.60,275.88,-2122.53,-4.41%,20200624.xls
3分赛车,10,37723.74,50462.92,0.00,148.78,-12887.96,-34.16%,20200624.xls
疯狂飞艇,23,37523.16,38624.16,372.40,9.50,-1110.50,-2.96%,20200624.xls
5分彩,3,35816.00,36207.60,0.00,619.40,-1011.00,-2.82%,20200624.xls
腾讯时时彩,16,22000.44,18347.93,41.44,7.57,3644.94,16.57%,20200624.xls
腾讯1.5分彩,3,19488.02,21453.30,0.00,0.00,-1965.28,-10.08%,20200624.xls
1分赛车,26,19294.48,20885.46,2.40,12.74,-1603.73,-8.31%,20200624.xls
5分赛车,3,18219.20,20698.85,0.00,91.00,-2570.65,-14.11%,20200624.xls
奔驰宝马,6,16055.00,13092.45,0.00,0.00,2962.55,18.45%,20200624.xls
传统欢乐生肖,5,15496.00,15135.97,0.00,171.37,188.67,1.22%,20200624.xls
极速赛车,20,13995.02,15448.08,0.00,28.02,-1481.07,-10.58%,20200624.xls
梭哈,9,12905.00,12288.70,0.00,0.00,616.30,4.78%,20200624.xls
万人红黑大战,6,12622.00,14764.19,0.00,1.05,-2143.24,-16.98%,20200624.xls
传统北京赛车,7,10793.00,8326.70,140.00,0.28,2466.02,22.85%,20200624.xls
红黑大战,6,10790.00,11366.30,0.00,0.00,-576.30,-5.34%,20200624.xls
传统1分赛车,11,10712.00,12058.23,0.00,41.32,-1387.55,-12.95%,20200624.xls
秒秒彩,3,8130.00,7391.91,0.00,2.10,735.99,9.05%,20200624.xls
澳门六合彩,7,7058.00,4107.96,0.00,8.33,2941.71,41.68%,20200624.xls
百人牛牛,8,6645.00,6261.10,0.00,1.70,382.20,5.75%,20200624.xls
江苏快3,18,6332.00,7368.27,2.00,6.35,-1042.62,-16.47%,20200624.xls
贵州快3,7,5710.00,6149.54,784.00,10.25,-449.79,-7.88%,20200624.xls
万人射龙门,2,4990.00,4708.00,0.00,0.00,282.00,5.65%,20200624.xls
安徽快3,14,4246.00,5884.92,312.00,4.82,-1643.74,-38.71%,20200624.xls
腾讯5分彩,3,4082.80,6601.37,0.00,0.00,-2518.57,-61.69%,20200624.xls
六合秒秒,3,3837.00,4734.67,0.00,0.00,-897.67,-23.40%,20200624.xls
上海快3,8,3774.00,3735.21,464.00,7.15,31.64,0.84%,20200624.xls
百人炸金花,2,3140.00,2851.20,0.00,0.00,288.80,9.20%,20200624.xls
1分11选5,17,2996.06,3397.25,38.12,18.11,-419.30,-14.00%,20200624.xls
传统疯狂飞艇,3,2492.00,1301.25,9.00,5.96,1184.79,47.54%,20200624.xls
湖北快3,7,2357.00,243.46,302.00,1.39,2112.16,89.61%,20200624.xls
广东11选5,9,2340.60,1335.34,70.00,2.20,1003.05,42.85%,20200624.xls
广西快3,8,2264.00,1342.64,15.00,8.87,912.49,40.30%,20200624.xls
北京快3,8,2230.00,3040.09,144.00,9.51,-819.60,-36.75%,20200624.xls
吉林快3,9,2108.00,2456.87,500.00,16.56,-365.43,-17.34%,20200624.xls
山东11选5,6,2102.00,1669.66,56.00,0.00,432.34,20.57%,20200624.xls
百人二八杠,2,1920.00,1739.90,0.00,0.00,180.10,9.38%,20200624.xls
1分幸运28,4,1896.00,1414.95,0.00,0.00,481.05,25.37%,20200624.xls
骰宝,4,1460.00,1507.50,0.00,0.10,-47.60,-3.26%,20200624.xls
河北快3,9,1343.00,1655.23,50.00,5.83,-318.06,-23.68%,20200624.xls
腾讯3分彩,2,1322.80,1083.50,0.00,0.00,239.30,18.09%,20200624.xls
甘肃快3,6,1058.00,899.11,27.00,4.16,154.74,14.63%,20200624.xls
万人炸金花,2,860.00,59.10,0.00,0.60,800.30,93.06%,20200624.xls
森林舞会,1,820.00,1020.00,0.00,0.00,-200.00,-24.39%,20200624.xls
飞禽走兽,1,820.00,479.35,0.00,0.82,339.83,41.44%,20200624.xls
上海11选5,5,528.00,196.02,0.00,0.00,331.98,62.88%,20200624.xls
江苏11选5,3,499.00,23.76,0.00,0.00,475.24,95.24%,20200624.xls
百人三公,2,460.00,165.10,0.00,9.10,285.80,62.13%,20200624.xls
决战梭哈,3,275.00,226.30,0.00,0.60,48.10,17.49%,20200624.xls
江西11选5,3,210.00,827.64,0.00,0.00,-617.64,-294.11%,20200624.xls
万人百家乐,1,200.00,390.00,0.00,0.00,-190.00,-95.00%,20200624.xls
百人牌九,4,165.00,143.35,0.00,0.60,21.05,12.76%,20200624.xls
5分六合,1,111.00,127.43,0.00,0.00,-16.43,-14.80%,20200624.xls
传统3分赛车,4,104.00,160.90,0.00,2.00,-58.90,-56.63%,20200624.xls
传统10分彩,3,90.00,134.94,0.00,0.28,-45.22,-50.24%,20200624.xls
北京赛车,3,69.30,37.62,0.00,0.02,31.66,45.69%,20200624.xls
传统5分赛车,1,21.00,41.56,9.00,0.84,-21.40,-101.90%,20200624.xls
百人德扑,1,20.00,19.60,0.00,0.20,0.20,1.00%,20200624.xls
射龙门,1,10.00,15.85,0.00,0.10,-5.95,-59.50%,20200624.xls
传统10分赛车,1,3.00,0.00,0.00,0.00,3.00,100.00%,20200624.xls
幸运28,1,1.00,1.80,0.00,0.00,-0.80,-80.00%,20200624.xls
小计,,7433568.96,7271810.91,151255.96,16386.91,145371.18,1.96%,20200624.xls
1分快3,609,3448256.00,3269979.64,45131.00,4403.62,173872.74,5.04%,20200625.xls
极速快3,162,1213717.00,1156580.55,0.00,1819.98,55316.47,4.56%,20200625.xls
3分快3,103,286712.00,272063.71,11285.00,598.21,14050.07,4.90%,20200625.xls
龙虎斗,28,163875.00,142310.75,0.00,316.22,21248.03,12.97%,20200625.xls
欢乐生肖,15,140395.74,102015.34,8302.00,13.50,38366.90,27.33%,20200625.xls
5分快3,41,99258.00,103216.95,2606.00,29.89,-3988.84,-4.02%,20200625.xls
传统1分彩,24,88893.00,86692.97,300.00,44.49,2155.54,2.42%,20200625.xls
3分赛车,13,63925.62,60290.92,570.00,239.66,3395.04,5.31%,20200625.xls
万人龙虎,15,53545.00,46239.20,0.00,7.05,7298.75,13.63%,20200625.xls
1分彩,33,51193.10,52160.53,6.60,263.52,-1230.95,-2.40%,20200625.xls
1分赛车,32,46805.30,43884.17,36.00,82.25,2838.88,6.07%,20200625.xls
1分六合,21,44682.00,47748.58,660.00,268.84,-3335.42,-7.46%,20200625.xls
万人红黑大战,7,41987.00,38297.55,0.00,0.78,3688.67,8.79%,20200625.xls
万人牛牛,5,34900.00,35493.15,0.00,199.60,-792.75,-2.27%,20200625.xls
传统北京赛车,8,30482.00,29884.90,199.00,0.00,597.10,1.96%,20200625.xls
北京赛车,8,30437.00,31820.13,800.00,0.11,-1383.24,-4.54%,20200625.xls
疯狂飞艇,24,26977.88,22630.27,202.08,44.77,4302.84,15.95%,20200625.xls
传统欢乐生肖,6,26854.00,27228.06,184.00,351.42,-725.48,-2.70%,20200625.xls
腾讯时时彩,19,25575.76,24532.25,52.80,2.72,1040.79,4.07%,20200625.xls
5分赛车,9,22701.20,18830.62,0.00,58.42,3812.16,16.79%,20200625.xls
红黑大战,6,19905.00,21326.30,0.00,0.63,-1421.93,-7.14%,20200625.xls
1分11选5,15,16893.60,18217.32,17.64,32.76,-1356.49,-8.03%,20200625.xls
传统1分赛车,16,15254.00,14284.95,20.00,28.22,940.83,6.17%,20200625.xls
百家乐,7,10860.00,10603.45,0.00,0.00,256.55,2.36%,20200625.xls
5分彩,3,10675.48,8013.26,0.00,180.47,2481.75,23.25%,20200625.xls
秒秒彩,1,8264.00,7602.13,0.00,0.00,661.87,8.01%,20200625.xls
森林舞会,3,8000.00,8438.35,0.00,0.00,-438.35,-5.48%,20200625.xls
百人牛牛,8,7415.00,6060.45,0.00,0.60,1353.95,18.26%,20200625.xls
百人二八杠,3,6830.00,9413.90,0.00,0.00,-2583.90,-37.83%,20200625.xls
万人射龙门,3,5970.00,6650.00,0.00,0.00,-680.00,-11.39%,20200625.xls
安徽快3,12,5809.00,7676.81,0.00,9.94,-1877.75,-32.32%,20200625.xls
传统疯狂飞艇,4,5702.00,4557.00,7.00,7.88,1137.12,19.94%,20200625.xls
极速赛车,15,5473.18,5644.99,0.00,0.00,-171.81,-3.14%,20200625.xls
奔驰宝马,3,5170.00,3519.45,0.00,0.00,1650.55,31.93%,20200625.xls
贵州快3,6,4749.00,3036.64,354.00,8.97,1703.40,35.87%,20200625.xls
梭哈,5,4385.00,3366.80,0.00,0.75,1017.45,23.20%,20200625.xls
北京快3,5,4105.00,4208.05,1000.00,8.65,-111.70,-2.72%,20200625.xls
湖北快3,8,2881.00,4210.43,0.00,8.93,-1338.36,-46.45%,20200625.xls
江苏快3,9,2716.00,3460.01,0.00,5.45,-749.46,-27.59%,20200625.xls
骰宝,2,2620.00,2275.20,0.00,0.00,344.80,13.16%,20200625.xls
万人德扑,2,2500.00,2576.00,0.00,0.00,-76.00,-3.04%,20200625.xls
5分六合,5,2267.00,1485.38,140.00,13.20,768.42,33.90%,20200625.xls
吉林快3,5,2221.00,2583.37,500.00,15.90,-378.27,-17.03%,20200625.xls
六合秒秒,3,2210.00,4137.48,0.00,0.00,-1927.48,-87.22%,20200625.xls
上海快3,6,2154.00,2760.88,0.00,7.02,-613.90,-28.50%,20200625.xls
腾讯1.5分彩,2,2028.20,2226.10,0.00,0.00,-197.90,-9.76%,20200625.xls
山东11选5,9,1530.20,1537.22,246.20,12.30,-19.33,-1.26%,20200625.xls
河北快3,3,1470.00,2127.90,22.00,7.28,-665.18,-45.25%,20200625.xls
飞禽走兽,1,1300.00,1480.00,0.00,0.00,-180.00,-13.85%,20200625.xls
甘肃快3,3,1051.00,764.36,11.00,4.92,281.72,26.80%,20200625.xls
广东11选5,8,1020.06,701.34,50.00,1.09,317.64,31.14%,20200625.xls
广西快3,7,920.00,602.77,123.00,1.37,315.86,34.33%,20200625.xls
传统10分赛车,1,817.00,980.10,0.00,0.00,-163.10,-19.96%,20200625.xls
万人炸金花,2,730.00,1182.00,0.00,0.00,-452.00,-61.92%,20200625.xls
腾讯5分彩,3,596.74,152.53,0.00,1.97,442.25,74.11%,20200625.xls
传统5分赛车,2,580.00,297.00,0.00,0.00,283.00,48.79%,20200625.xls
江西11选5,3,440.00,336.27,0.00,3.88,99.85,22.69%,20200625.xls
澳门六合彩,4,357.00,137.64,10.00,8.50,210.86,59.06%,20200625.xls
上海11选5,4,295.80,332.14,0.00,0.00,-36.34,-12.29%,20200625.xls
决战梭哈,1,200.00,0.00,0.00,0.00,200.00,100.00%,20200625.xls
传统3分赛车,3,176.00,132.66,0.00,0.00,43.34,24.63%,20200625.xls
腾讯3分彩,1,165.00,98.50,0.00,0.00,66.50,40.30%,20200625.xls
百人炸金花,2,160.00,0.00,0.00,0.00,160.00,100.00%,20200625.xls
3分彩,2,111.52,0.00,0.00,0.00,111.52,100.00%,20200625.xls
传统10分彩,1,40.00,65.64,0.00,0.00,-25.64,-64.10%,20200625.xls
射龙门,1,20.00,21.00,0.00,0.20,-1.20,-6.00%,20200625.xls
江苏11选5,2,14.00,0.00,0.00,0.00,14.00,100.00%,20200625.xls
1分幸运28,4,12.00,0.00,0.00,0.00,12.00,100.00%,20200625.xls
小计,,6120236.38,5791184.01,72835.32,9115.93,319936.44,5.23%,20200625.xls
1分快3,624,4906919.00,4570166.04,45629.00,12919.53,323833.43,6.60%,20200626.xls
极速快3,152,996442.00,956583.84,0.00,762.56,39095.60,3.92%,20200626.xls
龙虎斗,32,494830.00,469759.05,0.00,4512.98,20557.98,4.15%,20200626.xls
欢乐生肖,14,377242.44,307397.52,0.00,0.00,69844.92,18.51%,20200626.xls
3分快3,107,271992.00,272763.87,14598.00,611.30,-1383.17,-0.51%,20200626.xls
1分六合,24,108598.00,98779.27,310.00,981.56,8837.17,8.14%,20200626.xls
北京赛车,11,106847.00,94540.01,627.00,0.21,12306.78,11.52%,20200626.xls
1分彩,31,67413.84,64545.51,1884.52,279.99,2588.35,3.84%,20200626.xls
5分快3,33,61865.00,61417.38,2002.00,34.11,413.52,0.67%,20200626.xls
传统1分彩,27,54235.00,54159.16,801.00,24.95,50.89,0.09%,20200626.xls
万人牛牛,8,49599.00,46590.64,0.00,394.18,2614.18,5.27%,20200626.xls
1分赛车,23,42263.40,36396.22,271.60,73.18,5794.00,13.71%,20200626.xls
3分赛车,12,31872.22,26128.68,12.00,81.86,5661.68,17.76%,20200626.xls
疯狂飞艇,31,30517.90,28861.61,446.40,28.48,1627.82,5.33%,20200626.xls
腾讯时时彩,19,29727.90,32927.89,247.60,0.10,-3200.09,-10.76%,20200626.xls
传统欢乐生肖,6,24064.00,22055.02,0.00,344.56,1664.42,6.92%,20200626.xls
传统1分赛车,16,18103.00,17329.89,18.00,43.80,729.31,4.03%,20200626.xls
百人牛牛,15,15850.00,16700.15,0.00,37.68,-887.83,-5.60%,20200626.xls
六合秒秒,3,15818.00,15353.73,0.00,0.00,464.27,2.94%,20200626.xls
极速赛车,19,14774.38,16076.71,0.00,66.41,-1368.74,-9.26%,20200626.xls
万人红黑大战,4,14450.00,15820.00,0.00,0.44,-1370.44,-9.48%,20200626.xls
森林舞会,4,14355.00,10910.65,0.00,0.00,3444.35,23.99%,20200626.xls
传统北京赛车,7,12794.00,16862.85,112.00,0.20,-4069.05,-31.80%,20200626.xls
5分彩,3,12107.82,8128.60,40.00,227.55,3751.67,30.99%,20200626.xls
万人射龙门,4,9420.00,8857.00,0.00,0.00,563.00,5.98%,20200626.xls
1分11选5,17,9251.32,9107.10,122.00,24.91,119.31,1.29%,20200626.xls
奔驰宝马,4,8555.00,2513.10,0.00,0.00,6041.90,70.62%,20200626.xls
5分赛车,11,7698.38,8911.36,50.00,37.28,-1250.26,-16.24%,20200626.xls
北京快3,7,6868.00,8134.85,3494.00,25.45,-1292.30,-18.82%,20200626.xls
江苏快3,7,6866.00,6345.14,15.00,14.07,506.80,7.38%,20200626.xls
万人龙虎,16,6210.00,6252.10,0.00,6.22,-48.32,-0.78%,20200626.xls
贵州快3,7,5521.00,5659.16,30.00,23.71,-161.87,-2.93%,20200626.xls
红黑大战,4,5305.00,5742.00,0.00,0.00,-437.00,-8.24%,20200626.xls
广西快3,4,5096.00,5970.77,117.00,25.42,-900.19,-17.66%,20200626.xls
安徽快3,9,4956.00,7292.46,300.00,13.10,-2349.56,-47.41%,20200626.xls
百家乐,9,4875.00,5119.40,0.00,10.20,-254.60,-5.22%,20200626.xls
湖北快3,7,4861.00,3014.85,0.00,19.44,1826.71,37.58%,20200626.xls
吉林快3,8,3900.00,2576.86,20.00,27.06,1296.08,33.23%,20200626.xls
传统疯狂飞艇,3,3379.00,4431.04,0.00,2.40,-1054.44,-31.21%,20200626.xls
5分六合,2,2714.00,1967.79,246.00,5.49,740.72,27.29%,20200626.xls
河北快3,8,2474.00,3382.46,0.00,12.13,-920.59,-37.21%,20200626.xls
腾讯1.5分彩,3,2399.50,2098.64,0.00,0.00,300.86,12.54%,20200626.xls
梭哈,6,2270.00,1864.65,0.00,1.75,403.60,17.78%,20200626.xls
百人二八杠,1,2080.00,1722.60,0.00,0.00,357.40,17.18%,20200626.xls
腾讯3分彩,2,1846.12,2054.77,0.00,0.00,-208.65,-11.30%,20200626.xls
秒秒彩,2,1846.00,2200.13,0.00,0.00,-354.13,-19.18%,20200626.xls
山东11选5,11,1696.80,2470.17,220.00,3.99,-777.36,-45.81%,20200626.xls
万人炸金花,2,1550.00,1051.80,0.00,19.25,478.95,30.90%,20200626.xls
甘肃快3,4,1395.00,394.00,0.00,2.63,998.37,71.57%,20200626.xls
广东11选5,9,1368.20,1167.20,44.00,0.16,200.84,14.68%,20200626.xls
上海快3,6,1138.00,1295.54,0.00,2.87,-160.41,-14.10%,20200626.xls
百人炸金花,3,880.00,1128.60,0.00,0.00,-248.60,-28.25%,20200626.xls
澳门六合彩,5,508.00,1509.65,136.00,10.43,-1012.08,-199.23%,20200626.xls
百人德扑,1,430.00,455.40,0.00,0.00,-25.40,-5.91%,20200626.xls
江西11选5,3,419.88,217.62,0.00,3.46,198.81,47.35%,20200626.xls
上海11选5,5,375.20,381.15,4.00,0.00,-5.95,-1.59%,20200626.xls
江苏11选5,4,367.00,261.36,20.00,0.00,105.64,28.78%,20200626.xls
传统10分彩,2,299.00,437.60,0.00,0.20,-138.80,-46.42%,20200626.xls
1分幸运28,4,279.00,10.80,4.00,0.00,268.20,96.13%,20200626.xls
腾讯5分彩,1,243.40,39.40,0.00,0.00,204.00,83.81%,20200626.xls
传统5分赛车,3,224.00,221.20,0.00,0.28,2.52,1.13%,20200626.xls
飞禽走兽,2,165.00,80.00,0.00,0.00,85.00,51.52%,20200626.xls
骰宝,1,150.00,0.00,0.00,0.00,150.00,100.00%,20200626.xls
传统10分赛车,2,73.00,128.70,0.00,0.00,-55.70,-76.30%,20200626.xls
传统3分赛车,3,57.00,62.48,0.00,0.56,-6.04,-10.60%,20200626.xls
万人百家乐,2,40.00,39.50,0.00,0.00,0.50,1.25%,20200626.xls
射龙门,1,10.00,19.00,0.00,0.00,-9.00,-90.00%,20200626.xls
传统10分快3,1,1.00,1.98,0.00,0.00,-0.98,-98.00%,20200626.xls
小计,,7892741.70,7376845.67,71821.12,21718.09,494178.00,6.26%,20200626.xls
1分快3,592,5256363.00,4948840.65,91144.00,10867.44,296654.91,5.64%,20200627.xls
极速快3,146,998525.00,950107.20,0.00,4823.16,43594.64,4.37%,20200627.xls
北京赛车,10,223609.00,240448.10,1414.00,0.16,-16839.25,-7.53%,20200627.xls
3分快3,105,193264.00,191142.78,4840.00,604.01,1517.21,0.79%,20200627.xls
欢乐生肖,16,163539.46,146703.50,0.00,11.52,16824.44,10.29%,20200627.xls
传统1分彩,21,114374.00,102808.53,10750.00,143.18,11422.29,9.99%,20200627.xls
1分六合,23,103019.00,96301.37,73.00,150.11,6567.52,6.38%,20200627.xls
龙虎斗,31,77350.00,72316.70,0.00,148.81,4884.50,6.31%,20200627.xls
极速赛车,19,73292.20,79572.32,0.00,0.46,-6280.58,-8.57%,20200627.xls
澳门六合彩,5,51115.00,82785.74,10625.00,3.19,-31673.93,-61.97%,20200627.xls
1分彩,41,47989.02,46641.40,27.00,294.76,1052.86,2.19%,20200627.xls
5分快3,34,43087.00,50848.54,776.00,74.16,-7835.70,-18.19%,20200627.xls
万人红黑大战,6,34307.00,39554.00,0.00,3.72,-5250.72,-15.31%,20200627.xls
疯狂飞艇,24,28758.02,27625.08,620.80,19.99,1112.95,3.87%,20200627.xls
万人牛牛,5,20881.00,20503.97,0.00,67.20,309.83,1.48%,20200627.xls
腾讯时时彩,21,20578.12,23933.32,96.40,5.21,-3360.41,-16.33%,20200627.xls
安徽快3,21,19941.00,5922.12,209.00,16.18,14002.70,70.22%,20200627.xls
传统欢乐生肖,1,17712.00,17867.40,9.00,265.68,-421.08,-2.38%,20200627.xls
百家乐,6,16920.00,16963.65,0.00,0.00,-43.65,-0.26%,20200627.xls
传统1分赛车,10,16733.00,16397.86,110.00,48.70,286.44,1.71%,20200627.xls
3分赛车,12,14839.74,14836.47,54.00,4.69,-1.42,-0.01%,20200627.xls
百人牛牛,12,14655.00,15160.75,0.00,10.20,-515.95,-3.52%,20200627.xls
1分赛车,24,13229.16,13398.12,6.60,15.41,-184.37,-1.39%,20200627.xls
传统北京赛车,5,8107.00,7880.00,0.00,0.00,227.00,2.80%,20200627.xls
北京快3,3,7950.00,8861.72,500.00,17.63,-929.35,-11.69%,20200627.xls
腾讯1.5分彩,4,6805.20,5960.77,108.00,0.00,844.43,12.41%,20200627.xls
秒秒彩,5,6590.00,4288.18,0.00,0.00,2301.82,34.93%,20200627.xls
5分彩,4,5560.64,2749.78,0.00,109.28,2701.58,48.58%,20200627.xls
1分11选5,14,4437.44,3223.71,50.60,34.71,1179.03,26.57%,20200627.xls
1分幸运28,4,3983.00,2769.54,0.00,0.00,1213.46,30.47%,20200627.xls
传统疯狂飞艇,4,3914.00,4270.14,0.00,0.36,-356.50,-9.11%,20200627.xls
六合秒秒,4,3819.00,3020.58,0.00,13.31,785.11,20.56%,20200627.xls
万人射龙门,2,3740.00,3775.00,0.00,0.00,-35.00,-0.94%,20200627.xls
万人龙虎,15,3500.00,4121.80,0.00,3.40,-625.20,-17.86%,20200627.xls
吉林快3,9,3232.00,3306.07,0.00,21.48,-95.55,-2.96%,20200627.xls
江苏快3,8,2558.00,3136.60,0.00,3.33,-581.93,-22.75%,20200627.xls
广西快3,6,2533.00,3668.26,0.00,11.67,-1146.93,-45.28%,20200627.xls
红黑大战,7,2305.00,1569.35,0.00,2.75,732.91,31.80%,20200627.xls
万人炸金花,3,2300.00,1300.50,0.00,41.88,957.63,41.64%,20200627.xls
梭哈,3,2060.00,1441.90,0.00,0.10,618.00,30.00%,20200627.xls
山东11选5,13,2022.30,1240.34,94.00,2.66,779.30,38.54%,20200627.xls
湖北快3,4,1543.00,2949.09,0.00,7.63,-1413.72,-91.62%,20200627.xls
上海快3,3,1315.00,998.67,0.00,6.10,310.24,23.59%,20200627.xls
5分赛车,8,1200.20,588.05,0.00,1.15,611.00,50.91%,20200627.xls
江苏11选5,5,970.00,1068.72,0.00,0.00,-98.72,-10.18%,20200627.xls
传统3分赛车,3,957.00,1032.00,0.00,5.64,-80.64,-8.43%,20200627.xls
河北快3,7,837.00,1139.02,23.00,4.08,-306.10,-36.57%,20200627.xls
5分六合,1,818.00,1528.80,0.00,12.27,-723.07,-88.39%,20200627.xls
广东11选5,10,816.14,873.90,0.00,0.24,-58.00,-7.11%,20200627.xls
上海11选5,7,727.20,871.46,4.00,0.48,-144.74,-19.90%,20200627.xls
甘肃快3,5,638.00,245.75,1044.00,0.89,391.36,61.34%,20200627.xls
骰宝,2,630.00,731.60,0.00,0.00,-101.60,-16.13%,20200627.xls
腾讯3分彩,3,621.80,834.96,0.00,0.00,-213.16,-34.28%,20200627.xls
贵州快3,1,600.00,788.00,0.00,3.00,-191.00,-31.83%,20200627.xls
3分彩,3,583.06,434.10,0.00,0.00,148.96,25.55%,20200627.xls
飞禽走兽,1,520.00,80.00,0.00,0.00,440.00,84.62%,20200627.xls
江西11选5,5,438.60,260.04,12.00,2.83,175.73,40.07%,20200627.xls
森林舞会,1,330.00,204.50,0.00,0.00,125.50,38.03%,20200627.xls
腾讯5分彩,4,273.56,502.70,0.00,0.14,-229.28,-83.81%,20200627.xls
百人二八杠,2,195.00,118.80,0.00,0.00,76.20,39.08%,20200627.xls
传统5分赛车,2,135.00,198.00,0.00,0.00,-63.00,-46.67%,20200627.xls
传统10分赛车,1,132.00,0.00,0.00,0.00,132.00,100.00%,20200627.xls
射龙门,1,125.00,190.80,0.00,0.00,-65.80,-52.64%,20200627.xls
百人炸金花,1,45.00,0.00,0.00,0.00,45.00,100.00%,20200627.xls
台湾宾果,2,22.40,0.00,0.00,0.01,22.39,99.96%,20200627.xls
北京快乐8,1,20.00,0.00,0.00,0.00,20.00,100.00%,20200627.xls
奔驰宝马,1,20.00,99.00,0.00,0.00,-79.00,-395.00%,20200627.xls
百人三公,1,10.00,0.00,0.00,0.00,10.00,100.00%,20200627.xls
传统10分彩,1,3.00,0.00,0.00,0.12,2.88,96.00%,20200627.xls
小计,,7654023.26,7303001.77,122590.40,17885.08,333136.47,4.35%,20200627.xls
1分快3,576,5306387.00,4948771.72,81351.00,9841.18,347774.10,6.55%,20200628.xls
极速快3,143,1155177.00,1108279.05,0.00,2648.43,44249.52,3.83%,20200628.xls
3分快3,96,327384.00,328712.51,11397.00,526.92,-1855.44,-0.57%,20200628.xls
北京赛车,12,225776.66,224060.48,0.00,5.90,1710.28,0.76%,20200628.xls
欢乐生肖,16,198105.52,189601.56,5000.00,0.03,8503.93,4.29%,20200628.xls
传统1分彩,28,138599.00,136934.37,380.00,261.03,1403.60,1.01%,20200628.xls
5分快3,36,119187.00,131069.03,1636.00,88.97,-11971.00,-10.04%,20200628.xls
1分六合,26,108210.00,103175.43,606.00,127.55,4907.02,4.53%,20200628.xls
传统1分赛车,14,91558.00,82860.33,125.00,89.61,8608.06,9.40%,20200628.xls
万人红黑大战,7,69294.00,65565.42,0.00,1.23,3727.35,5.38%,20200628.xls
百人牛牛,9,57220.00,51489.40,0.00,0.30,5730.30,10.01%,20200628.xls
1分彩,44,54545.36,52380.43,462.10,206.22,1958.71,3.59%,20200628.xls
龙虎斗,27,54110.00,46389.55,0.00,96.68,7623.77,14.09%,20200628.xls
1分赛车,28,50898.84,51748.69,36.16,46.04,-895.89,-1.76%,20200628.xls
百家乐,9,50105.00,49298.35,0.00,2.40,804.25,1.61%,20200628.xls
腾讯时时彩,22,48630.44,51169.13,825.60,8.95,-2547.64,-5.24%,20200628.xls
万人牛牛,4,33607.00,32221.42,0.00,9.50,1376.08,4.09%,20200628.xls
万人龙虎,18,25755.00,21757.85,10.00,29.45,3967.71,15.41%,20200628.xls
极速赛车,19,25088.90,24835.63,0.00,37.62,215.66,0.86%,20200628.xls
传统欢乐生肖,4,18660.00,18712.81,0.00,242.76,-295.57,-1.58%,20200628.xls
江苏快3,9,13670.00,19568.10,1.00,6.33,-5904.43,-43.19%,20200628.xls
森林舞会,2,12750.00,10858.60,0.00,0.00,1891.40,14.83%,20200628.xls
1分幸运28,9,11399.00,11757.32,178.00,0.00,-358.32,-3.14%,20200628.xls
传统北京赛车,4,10638.00,11150.20,559.00,0.00,-512.20,-4.81%,20200628.xls
1分11选5,16,10457.62,10088.57,32.04,21.95,347.10,3.32%,20200628.xls
疯狂飞艇,30,10168.56,8349.80,24.00,48.74,1770.02,17.41%,20200628.xls
北京快3,3,8115.00,5732.66,160.00,37.53,2344.82,28.89%,20200628.xls
3分赛车,11,7163.14,6650.88,20.00,0.27,511.99,7.15%,20200628.xls
湖北快3,5,5951.00,5776.52,2100.00,22.21,152.27,2.56%,20200628.xls
六合秒秒,1,5532.00,7276.50,0.00,0.00,-1744.50,-31.53%,20200628.xls
腾讯1.5分彩,8,5520.66,4941.02,18.00,0.00,579.64,10.50%,20200628.xls
奔驰宝马,1,5470.00,5412.00,0.00,0.00,58.00,1.06%,20200628.xls
安徽快3,10,4652.00,4078.12,300.00,9.27,564.61,12.14%,20200628.xls
万人射龙门,4,4235.00,4560.20,0.00,0.00,-325.20,-7.68%,20200628.xls
江西11选5,5,3801.80,2932.44,0.00,0.48,868.88,22.85%,20200628.xls
江苏11选5,6,3384.08,3448.45,490.00,0.00,-64.37,-1.90%,20200628.xls
山东11选5,9,3271.60,4101.14,60.00,2.03,-831.57,-25.42%,20200628.xls
吉林快3,6,3211.00,5803.23,400.00,14.74,-2606.97,-81.19%,20200628.xls
传统疯狂飞艇,4,2603.00,2173.72,0.00,5.92,423.36,16.26%,20200628.xls
甘肃快3,4,2458.00,1624.78,201.00,8.29,824.93,33.56%,20200628.xls
腾讯3分彩,4,2414.40,1878.06,7.00,0.00,536.34,22.21%,20200628.xls
广东11选5,8,2397.70,2581.55,40.00,6.04,-189.89,-7.92%,20200628.xls
骰宝,2,2140.00,2930.40,0.00,0.00,-790.40,-36.93%,20200628.xls
传统3分赛车,6,2088.00,1812.27,20.00,1.20,274.53,13.15%,20200628.xls
3分彩,2,2068.40,1183.56,0.00,0.01,884.83,42.78%,20200628.xls
上海11选5,6,2044.60,1661.90,16.00,0.02,382.68,18.72%,20200628.xls
百人牌九,1,1875.00,1524.55,0.00,0.00,350.45,18.69%,20200628.xls
万人百家乐,3,1380.00,1470.50,0.00,0.00,-90.50,-6.56%,20200628.xls
澳门六合彩,6,1332.00,0.00,50.00,11.25,1320.75,99.16%,20200628.xls
河北快3,7,1247.00,689.44,643.00,6.10,551.47,44.22%,20200628.xls
传统10分赛车,2,1031.00,821.70,0.00,0.00,209.30,20.30%,20200628.xls
上海快3,3,1002.00,905.96,0.00,5.22,90.83,9.06%,20200628.xls
广西快3,5,743.00,941.53,0.00,3.49,-202.02,-27.19%,20200628.xls
百人二八杠,4,655.00,544.50,0.00,0.00,110.50,16.87%,20200628.xls
5分赛车,9,476.40,488.50,0.00,0.33,-12.43,-2.61%,20200628.xls
梭哈,3,445.00,19.90,0.00,0.40,424.70,95.44%,20200628.xls
5分彩,3,405.36,325.33,0.00,6.67,73.36,18.10%,20200628.xls
传统5分赛车,3,405.00,492.03,0.00,1.92,-88.95,-21.96%,20200628.xls
5分六合,2,390.00,1212.75,0.00,0.00,-822.75,-210.96%,20200628.xls
腾讯5分彩,2,172.40,145.82,0.00,0.00,26.58,15.42%,20200628.xls
红黑大战,2,80.00,39.70,0.00,0.00,40.30,50.38%,20200628.xls
台湾宾果,1,40.00,23.64,0.00,0.20,16.16,40.40%,20200628.xls
传统10分彩,1,36.00,5.70,0.00,1.44,28.86,80.17%,20200628.xls
飞禽走兽,1,30.00,20.00,0.00,0.00,10.00,33.33%,20200628.xls
秒秒彩,1,24.00,43.47,0.00,0.00,-19.47,-81.13%,20200628.xls
万人炸金花,1,20.00,0.00,0.00,0.50,19.50,97.50%,20200628.xls
射龙门,2,20.00,0.00,0.00,0.00,20.00,100.00%,20200628.xls
贵州快3,1,5.00,5.94,301.00,0.00,-0.94,-18.80%,20200628.xls
小计,,8317717.44,7877086.11,107448.90,14493.32,426138.05,5.12%,20200628.xls
1分快3,587,4835245.00,4624139.30,142700.00,18480.80,192624.90,3.98%,20200629.xls
极速快3,148,1680837.00,1621934.20,0.00,559.16,58343.65,3.47%,20200629.xls
百人牛牛,12,584225.00,538580.70,0.00,52.75,45591.55,7.80%,20200629.xls
1分赛车,31,428823.78,405051.33,2448.74,8.75,23763.70,5.54%,20200629.xls
北京赛车,13,217950.20,228229.46,2000.00,1.35,-10280.61,-4.72%,20200629.xls
3分快3,93,212934.00,210836.43,5132.00,589.77,1507.80,0.71%,20200629.xls
欢乐生肖,18,195617.66,238811.96,13502.00,0.03,-43194.33,-22.08%,20200629.xls
龙虎斗,31,124275.00,112535.40,10.00,641.21,11098.39,8.93%,20200629.xls
1分六合,26,86853.00,85514.81,348.00,40.41,1297.77,1.49%,20200629.xls
传统1分彩,24,75595.00,70229.92,3334.00,106.49,5258.59,6.96%,20200629.xls
1分彩,45,74641.90,72586.05,59.40,262.35,1793.50,2.40%,20200629.xls
腾讯时时彩,23,73751.54,70252.84,108.00,24.63,3474.07,4.71%,20200629.xls
传统1分赛车,15,60981.00,55381.15,61.00,92.85,5507.00,9.03%,20200629.xls
5分快3,40,58614.00,49324.47,999.00,48.52,9241.01,15.77%,20200629.xls
万人红黑大战,7,46163.00,44811.44,0.00,0.00,1351.56,2.93%,20200629.xls
极速赛车,26,35606.24,35037.32,0.00,65.07,503.86,1.42%,20200629.xls
百家乐,5,29985.00,31363.80,0.00,0.00,-1378.80,-4.60%,20200629.xls
红黑大战,6,24850.00,32714.40,0.00,1.13,-7865.53,-31.65%,20200629.xls
传统欢乐生肖,4,21674.00,23423.36,0.00,284.90,-2034.26,-9.39%,20200629.xls
万人牛牛,5,21136.00,19301.62,110.00,20.30,1814.08,8.58%,20200629.xls
疯狂飞艇,36,17975.28,15141.83,18.16,114.91,2718.54,15.12%,20200629.xls
万人射龙门,3,15120.00,13445.90,150.00,0.00,1674.10,11.07%,20200629.xls
万人龙虎,17,14540.00,18051.25,5.00,36.49,-3547.74,-24.40%,20200629.xls
传统北京赛车,6,13196.00,14085.50,81.00,0.00,-889.50,-6.74%,20200629.xls
森林舞会,2,11445.00,12787.75,0.00,0.00,-1342.75,-11.73%,20200629.xls
百人牌九,2,10470.00,9484.20,0.00,0.00,985.80,9.42%,20200629.xls
1分11选5,21,7679.50,7185.01,61.52,13.01,481.49,6.27%,20200629.xls
甘肃快3,4,6544.00,2612.85,806.00,16.02,3915.13,59.83%,20200629.xls
秒秒彩,2,6440.00,6274.91,0.00,0.00,165.09,2.56%,20200629.xls
奔驰宝马,2,5630.00,5494.50,0.00,0.00,135.50,2.41%,20200629.xls
腾讯1.5分彩,9,5344.44,4767.82,0.00,0.00,576.62,10.79%,20200629.xls
安徽快3,12,5090.00,5777.35,20.00,21.02,-708.37,-13.92%,20200629.xls
吉林快3,7,4747.00,5409.52,850.00,32.29,-694.81,-14.64%,20200629.xls
山东11选5,10,4068.00,5001.42,96.00,0.40,-933.82,-22.96%,20200629.xls
3分赛车,14,3933.54,3990.95,229.20,3.96,-61.37,-1.56%,20200629.xls
北京快3,6,3784.00,5021.52,10.00,12.43,-1249.95,-33.03%,20200629.xls
江苏快3,14,3651.00,4480.72,210.00,8.84,-838.56,-22.97%,20200629.xls
六合秒秒,1,3375.00,4365.90,0.00,0.00,-990.90,-29.36%,20200629.xls
上海快3,5,3118.00,3207.96,0.00,11.68,-101.64,-3.26%,20200629.xls
广西快3,9,2857.00,4428.43,80.00,9.71,-1581.14,-55.34%,20200629.xls
河北快3,10,2774.00,1752.82,531.00,12.45,1008.74,36.36%,20200629.xls
江苏11选5,4,2512.00,1864.37,176.00,0.00,647.63,25.78%,20200629.xls
骰宝,6,2500.00,3191.70,0.00,0.80,-692.50,-27.70%,20200629.xls
贵州快3,2,2436.00,2792.94,0.00,11.81,-368.75,-15.14%,20200629.xls
上海11选5,5,2144.20,2318.48,78.00,0.00,-174.28,-8.13%,20200629.xls
湖北快3,7,2036.00,1166.66,724.00,7.19,862.15,42.35%,20200629.xls
广东11选5,4,1839.60,1052.53,0.00,0.07,787.00,42.78%,20200629.xls
传统疯狂飞艇,5,1631.00,2306.97,0.00,2.80,-678.77,-41.62%,20200629.xls
江西11选5,5,1594.14,594.33,20.00,2.08,997.73,62.59%,20200629.xls
飞禽走兽,2,1305.00,1340.00,0.00,0.00,-35.00,-2.68%,20200629.xls
5分赛车,10,1192.24,835.66,0.00,0.68,355.89,29.85%,20200629.xls
5分彩,2,1026.44,1220.26,0.00,20.53,-214.35,-20.88%,20200629.xls
5分六合,2,962.00,504.78,0.00,0.00,457.22,47.53%,20200629.xls
澳门六合彩,6,848.00,1654.95,0.00,12.00,-818.95,-96.57%,20200629.xls
万人炸金花,1,630.00,633.60,0.00,15.75,-19.35,-3.07%,20200629.xls
百人二八杠,3,530.00,454.20,0.00,0.00,75.80,14.30%,20200629.xls
梭哈,3,495.00,255.65,0.00,0.00,239.35,48.35%,20200629.xls
万人百家乐,1,400.00,386.00,0.00,0.00,14.00,3.50%,20200629.xls
传统3分赛车,3,272.00,93.88,324.00,1.12,177.00,65.07%,20200629.xls
1分幸运28,6,161.00,26.61,0.00,0.00,134.39,83.47%,20200629.xls
腾讯3分彩,4,124.00,75.87,3.00,0.03,48.11,38.80%,20200629.xls
传统10分彩,2,79.00,74.84,18.00,0.92,3.24,4.10%,20200629.xls
传统10分赛车,1,23.00,45.54,0.00,0.00,-22.54,-98.00%,20200629.xls
传统5分赛车,1,19.00,17.10,0.00,0.76,1.14,6.00%,20200629.xls
腾讯5分彩,1,3.00,0.00,0.00,0.00,3.00,100.00%,20200629.xls
3分彩,1,0.36,0.00,0.00,0.00,0.36,100.00%,20200629.xls
小计,,9066303.06,8745734.99,175303.02,21650.22,298917.88,3.30%,20200629.xls
1分快3,614,8160421.00,7433059.74,142838.00,33573.73,693787.53,8.50%,20200630.xls
极速快3,146,2107217.00,2008923.79,0.00,906.13,97387.08,4.62%,20200630.xls
3分快3,89,222344.00,235388.68,16442.00,546.89,-13591.57,-6.11%,20200630.xls
1分赛车,32,122622.46,117494.94,316.48,63.36,5064.16,4.13%,20200630.xls
北京赛车,10,122252.60,140586.66,60.00,4.89,-18338.95,-15.00%,20200630.xls
欢乐生肖,17,117065.54,113363.10,226.00,0.05,3702.40,3.16%,20200630.xls
龙虎斗,35,110690.00,118366.50,0.00,565.82,-8242.32,-7.45%,20200630.xls
传统1分彩,25,109619.00,102118.23,5700.00,48.63,7452.14,6.80%,20200630.xls
澳门六合彩,7,79056.00,192199.82,60220.00,2.47,-113146.29,-143.12%,20200630.xls
1分六合,29,75763.00,71040.91,765.00,161.15,4560.94,6.02%,20200630.xls
百人牛牛,11,73635.00,61233.90,0.00,10.20,12390.90,16.83%,20200630.xls
5分快3,33,52957.00,46462.03,904.00,54.35,6440.63,12.16%,20200630.xls
百家乐,9,52680.00,45640.55,0.00,0.00,7039.45,13.36%,20200630.xls
万人红黑大战,7,50797.00,54330.57,0.00,0.90,-3534.47,-6.96%,20200630.xls
传统1分赛车,15,48240.00,45882.25,191.00,243.91,2113.84,4.38%,20200630.xls
1分彩,37,47127.46,44716.11,45.02,220.68,2190.68,4.65%,20200630.xls
万人牛牛,8,44879.00,49194.87,0.00,340.70,-4656.57,-10.38%,20200630.xls
奔驰宝马,3,37360.00,41637.90,0.00,0.00,-4277.90,-11.45%,20200630.xls
疯狂飞艇,27,35089.30,33524.55,123.60,30.89,1533.86,4.37%,20200630.xls
万人龙虎,12,33020.00,23026.30,10.00,22.73,9970.98,30.20%,20200630.xls
极速赛车,21,30989.44,31256.10,0.00,62.93,-329.59,-1.06%,20200630.xls
腾讯时时彩,17,30120.98,31007.57,116.80,14.99,-901.57,-2.99%,20200630.xls
传统欢乐生肖,5,27726.00,25672.20,0.00,368.87,1684.94,6.08%,20200630.xls
传统北京赛车,3,15990.00,15208.40,370.00,0.00,781.60,4.89%,20200630.xls
1分11选5,19,13823.00,13345.73,99.02,60.37,416.91,3.02%,20200630.xls
5分彩,3,11916.56,9681.99,0.00,237.10,1997.47,16.76%,20200630.xls
江苏快3,11,8184.00,12335.32,276.00,7.36,-4158.68,-50.81%,20200630.xls
六合秒秒,3,6586.00,11064.13,0.00,41.04,-4519.17,-68.62%,20200630.xls
北京快3,8,6505.00,2706.98,500.00,7.17,3790.86,58.28%,20200630.xls
山东11选5,6,6336.60,3714.62,118.00,6.40,2615.58,41.28%,20200630.xls
广东11选5,10,6153.80,1576.54,0.00,0.75,4576.51,74.37%,20200630.xls
吉林快3,5,5785.00,3478.88,200.00,40.24,2265.88,39.17%,20200630.xls
甘肃快3,7,5472.00,3128.65,0.00,10.15,2333.21,42.64%,20200630.xls
百人牌九,1,4080.00,3841.20,0.00,0.00,238.80,5.85%,20200630.xls
河北快3,9,3836.00,1818.56,9.00,16.07,2001.38,52.17%,20200630.xls
万人射龙门,2,3600.00,3304.40,0.00,0.00,295.60,8.21%,20200630.xls
广西快3,6,3355.00,1818.59,11.00,12.35,1524.07,45.43%,20200630.xls
上海11选5,8,3342.20,565.85,74.00,1.67,2774.68,83.02%,20200630.xls
安徽快3,8,3181.00,3030.05,0.00,12.17,138.78,4.36%,20200630.xls
5分赛车,6,3035.48,2633.99,0.00,0.14,401.35,13.22%,20200630.xls
上海快3,6,2907.00,4181.86,1400.00,6.06,-1280.92,-44.06%,20200630.xls
3分赛车,9,2853.34,2815.33,109.00,26.98,11.04,0.39%,20200630.xls
红黑大战,5,1970.00,1798.20,0.00,0.26,171.55,8.71%,20200630.xls
贵州快3,3,1883.00,1832.40,0.00,9.14,41.46,2.20%,20200630.xls
湖北快3,7,1863.00,2399.30,20.00,7.34,-543.64,-29.18%,20200630.xls
江苏11选5,5,1473.60,261.36,0.00,0.00,1212.24,82.26%,20200630.xls
1分幸运28,8,1399.00,905.75,0.00,0.00,493.25,35.26%,20200630.xls
江西11选5,5,1368.00,411.84,0.00,3.04,953.12,69.67%,20200630.xls
百人二八杠,2,1110.00,990.00,0.00,1.80,118.20,10.65%,20200630.xls
传统疯狂飞艇,6,787.00,871.30,0.00,24.39,-108.69,-13.81%,20200630.xls
梭哈,5,655.00,1173.15,0.00,0.00,-518.15,-79.11%,20200630.xls
森林舞会,1,605.00,625.15,0.00,0.00,-20.15,-3.33%,20200630.xls
骰宝,5,550.00,306.75,0.00,0.30,242.95,44.17%,20200630.xls
传统10分彩,2,520.00,901.04,0.00,0.00,-381.04,-73.28%,20200630.xls
秒秒彩,1,198.00,239.07,0.00,0.00,-41.07,-20.74%,20200630.xls
5分六合,3,162.00,302.34,0.00,0.28,-140.62,-86.80%,20200630.xls
百人德扑,1,100.00,79.20,0.00,0.00,20.80,20.80%,20200630.xls
传统10分赛车,2,85.00,30.40,0.00,0.84,53.76,63.25%,20200630.xls
传统5分赛车,1,68.00,72.20,0.00,2.72,-6.92,-10.18%,20200630.xls
万人百家乐,1,60.00,0.00,0.00,0.00,60.00,100.00%,20200630.xls
飞禽走兽,1,35.00,0.00,0.00,0.35,34.65,99.00%,20200630.xls
传统3分赛车,1,23.00,28.69,0.00,0.92,-6.61,-28.74%,20200630.xls
射龙门,1,20.00,11.70,0.00,0.00,8.30,41.50%,20200630.xls
百人炸金花,1,20.00,0.00,0.00,0.00,20.00,100.00%,20200630.xls
腾讯5分彩,1,20.00,0.00,0.00,0.00,20.00,100.00%,20200630.xls
万人炸金花,1,15.00,0.00,0.00,0.38,14.63,97.53%,20200630.xls
小计,,11923603.36,11179618.18,231143.92,37782.05,706203.27,5.92%,20200630.xls
1分快3,633,5342553.00,5038412.77,96986.00,30573.75,273566.49,5.12%,20200701.xls
极速快3,166,1925566.00,1826400.46,0.00,16446.38,82719.16,4.30%,20200701.xls
龙虎斗,37,747015.00,700107.75,0.00,7221.02,39686.24,5.31%,20200701.xls
百人牛牛,17,406500.00,461413.90,0.00,7.35,-54921.25,-13.51%,20200701.xls
3分快3,102,257359.00,221657.37,17898.00,679.94,35021.69,13.61%,20200701.xls
1分六合,27,141475.00,133900.40,234.00,346.86,7227.73,5.11%,20200701.xls
1分赛车,33,130730.24,124120.77,1924.60,56.20,6553.27,5.01%,20200701.xls
欢乐生肖,12,102386.94,116836.73,0.00,0.07,-14449.86,-14.11%,20200701.xls
奔驰宝马,4,85005.00,70405.20,0.00,0.00,14599.80,17.18%,20200701.xls
5分快3,44,65784.00,65010.90,1032.00,77.81,695.29,1.06%,20200701.xls
传统1分彩,26,60103.00,57384.45,4096.00,86.48,2632.07,4.38%,20200701.xls
万人红黑大战,5,55249.00,52429.56,100.00,0.00,2819.44,5.10%,20200701.xls
1分彩,40,52815.66,48184.45,413.10,126.43,4504.78,8.53%,20200701.xls
百家乐,8,36860.00,35171.80,0.00,0.50,1687.70,4.58%,20200701.xls
疯狂飞艇,23,34492.90,31916.42,277.20,40.97,2535.51,7.35%,20200701.xls
腾讯时时彩,19,27171.26,28234.20,78.88,29.63,-1092.56,-4.02%,20200701.xls
传统1分赛车,15,24266.00,23109.97,141.00,33.73,1122.31,4.63%,20200701.xls
极速赛车,17,19608.08,19699.09,0.00,22.34,-113.36,-0.58%,20200701.xls
北京赛车,7,17419.30,99.00,0.00,0.28,17320.02,99.43%,20200701.xls
传统欢乐生肖,4,17021.00,17662.13,40.00,243.89,-885.02,-5.20%,20200701.xls
六合秒秒,8,15873.00,16553.86,0.00,53.89,-734.75,-4.63%,20200701.xls
秒秒彩,2,15270.00,17962.36,0.00,0.00,-2692.36,-17.63%,20200701.xls
传统北京赛车,5,14911.00,15062.62,172.00,0.00,-151.62,-1.02%,20200701.xls
江苏快3,11,12777.00,14209.46,4536.00,9.48,-1441.94,-11.29%,20200701.xls
1分11选5,16,10008.90,9370.17,105.42,81.68,557.04,5.57%,20200701.xls
森林舞会,4,9755.00,9156.70,0.00,0.00,598.30,6.13%,20200701.xls
万人龙虎,17,9195.00,9941.70,105.00,19.94,-766.64,-8.34%,20200701.xls
万人射龙门,4,7975.00,10057.50,0.00,0.00,-2082.50,-26.11%,20200701.xls
传统疯狂飞艇,4,4449.00,5234.99,18.00,3.00,-788.99,-17.73%,20200701.xls
山东11选5,7,3452.20,2798.57,278.00,1.52,652.11,18.89%,20200701.xls
北京快3,6,3282.00,1977.70,0.00,9.49,1294.81,39.45%,20200701.xls
万人牛牛,8,2904.00,1725.84,0.00,6.26,1171.90,40.35%,20200701.xls
湖北快3,8,2782.00,2994.29,0.00,10.14,-222.43,-8.00%,20200701.xls
上海快3,5,2706.00,2414.06,150.00,11.98,279.97,10.35%,20200701.xls
红黑大战,3,2670.00,2732.20,0.00,0.00,-62.20,-2.33%,20200701.xls
3分赛车,7,2527.14,2972.20,0.00,0.88,-445.94,-17.65%,20200701.xls
上海11选5,5,2458.08,1513.28,0.00,0.45,944.35,38.42%,20200701.xls
安徽快3,5,2417.00,2757.63,0.00,9.70,-350.33,-14.49%,20200701.xls
广西快3,5,2345.00,2538.45,0.00,10.88,-204.33,-8.71%,20200701.xls
吉林快3,5,2310.00,1685.47,0.00,16.44,608.09,26.32%,20200701.xls
5分赛车,5,2205.00,2221.50,0.00,0.00,-16.50,-0.75%,20200701.xls
贵州快3,1,1886.00,2137.45,0.00,9.43,-260.88,-13.83%,20200701.xls
广东11选5,4,1795.70,2300.61,16.80,0.00,-504.91,-28.12%,20200701.xls
百人炸金花,3,1650.00,472.80,0.00,2.30,1174.90,71.21%,20200701.xls
甘肃快3,4,1629.00,1758.72,398.00,6.49,-136.21,-8.36%,20200701.xls
河北快3,8,1597.00,1874.51,0.00,5.44,-282.95,-17.72%,20200701.xls
骰宝,6,1240.00,1137.90,0.00,0.00,102.10,8.23%,20200701.xls
江苏11选5,5,1024.00,1034.55,4.00,0.40,-10.95,-1.07%,20200701.xls
百人二八杠,5,995.00,731.60,0.00,0.40,263.00,26.43%,20200701.xls
梭哈,3,980.00,766.70,0.00,0.05,213.25,21.76%,20200701.xls
江西11选5,2,846.00,548.86,0.00,0.00,297.14,35.12%,20200701.xls
1分幸运28,9,822.00,943.66,3.00,0.00,-121.66,-14.80%,20200701.xls
澳门六合彩,4,743.00,1327.95,20.00,5.57,-590.52,-79.48%,20200701.xls
射龙门,4,690.00,700.15,0.00,3.25,-13.40,-1.94%,20200701.xls
传统10分彩,3,286.00,127.05,0.00,1.44,157.51,55.07%,20200701.xls
5分彩,2,268.04,345.76,0.00,5.30,-83.02,-30.97%,20200701.xls
百人德扑,1,165.00,118.20,0.00,0.00,46.80,28.36%,20200701.xls
腾讯1.5分彩,2,160.80,138.10,0.00,0.00,22.70,14.12%,20200701.xls
传统3分赛车,2,125.00,193.26,0.00,3.80,-72.06,-57.65%,20200701.xls
飞禽走兽,2,85.00,99.40,0.00,0.30,-14.70,-17.29%,20200701.xls
腾讯3分彩,1,72.20,39.40,0.00,0.00,32.80,45.43%,20200701.xls
百人牌九,1,60.00,49.25,0.00,0.00,10.75,17.92%,20200701.xls
传统5分赛车,3,47.00,35.59,0.00,0.00,11.41,24.28%,20200701.xls
传统10分赛车,2,25.00,28.50,0.00,0.96,-4.46,-17.84%,20200701.xls
腾讯5分彩,2,13.20,21.68,0.00,0.00,-8.48,-64.24%,20200701.xls
传统10分快3,1,3.00,0.00,0.00,0.00,3.00,100.00%,20200701.xls
5分六合,1,2.00,3.92,0.00,0.02,-1.94,-97.00%,20200701.xls
小计,,9698862.64,9224973.44,129027.00,56284.51,417604.71,4.31%,20200701.xls
1分快3,622,5673349.00,5340508.46,71981.00,33124.97,299715.57,5.28%,20200702.xls
极速快3,169,2543325.00,2421414.46,0.00,15915.96,105994.58,4.17%,20200702.xls
百人牛牛,9,1002420.00,1046113.75,0.00,12.75,-43706.50,-4.36%,20200702.xls
3分快3,107,280636.00,273016.45,19873.00,547.18,7072.38,2.52%,20200702.xls
龙虎斗,30,214710.00,186251.00,0.00,966.81,27492.20,12.80%,20200702.xls
疯狂飞艇,25,96903.28,91780.52,3235.60,194.70,4928.07,5.09%,20200702.xls
5分快3,43,93086.00,102025.13,164.00,8.88,-8948.01,-9.61%,20200702.xls
传统1分彩,23,89294.00,86155.83,24524.00,87.20,3050.97,3.42%,20200702.xls
欢乐生肖,13,82852.32,74075.76,4003.92,0.07,8776.49,10.59%,20200702.xls
1分赛车,34,72436.66,69802.85,1594.40,18.62,2615.19,3.61%,20200702.xls
1分六合,26,64649.00,62319.18,12.00,189.46,2140.36,3.31%,20200702.xls
1分彩,40,39557.16,40874.73,6.20,258.89,-1576.46,-3.99%,20200702.xls
万人红黑大战,5,37507.00,36441.90,0.00,0.99,1064.11,2.84%,20200702.xls
传统北京赛车,7,32029.00,24389.81,830.00,102.12,7537.07,23.53%,20200702.xls
万人龙虎,15,29775.00,33152.15,10.00,43.02,-3420.17,-11.49%,20200702.xls
1分11选5,15,27462.48,24177.73,133.58,257.85,3026.90,11.02%,20200702.xls
腾讯时时彩,25,27343.42,27132.59,175.60,27.68,183.15,0.67%,20200702.xls
传统1分赛车,18,24541.00,25930.63,40.00,11.20,-1400.83,-5.71%,20200702.xls
森林舞会,3,19875.00,15340.20,0.00,0.00,4534.80,22.82%,20200702.xls
百家乐,5,17920.00,13557.00,0.00,0.00,4363.00,24.35%,20200702.xls
江苏快3,13,16556.00,14490.61,540.00,0.56,2064.83,12.47%,20200702.xls
极速赛车,18,14866.88,15216.84,0.00,8.86,-358.82,-2.41%,20200702.xls
六合秒秒,7,13423.00,15911.34,0.00,23.22,-2511.56,-18.71%,20200702.xls
传统欢乐生肖,4,11911.00,10148.11,0.00,162.23,1600.66,13.44%,20200702.xls
百人炸金花,3,6760.00,4963.20,0.00,77.15,1719.65,25.44%,20200702.xls
北京赛车,10,6588.80,8494.20,0.00,0.00,-1905.40,-28.92%,20200702.xls
甘肃快3,21,6517.00,7798.31,845.00,28.00,-1309.31,-20.09%,20200702.xls
红黑大战,3,4885.00,4072.85,0.00,0.00,812.15,16.63%,20200702.xls
奔驰宝马,3,4460.00,4355.70,0.00,0.00,104.30,2.34%,20200702.xls
5分赛车,6,4067.84,4203.33,1.20,0.00,-135.49,-3.33%,20200702.xls
3分赛车,12,3980.94,3604.61,0.00,3.00,373.33,9.38%,20200702.xls
腾讯1.5分彩,3,3347.72,2794.10,25.20,0.00,553.62,16.54%,20200702.xls
安徽快3,6,3297.00,1538.46,0.00,0.00,1758.54,53.34%,20200702.xls
万人射龙门,2,3250.00,4768.00,0.00,0.00,-1518.00,-46.71%,20200702.xls
骰宝,6,3135.00,5137.80,0.00,26.80,-2029.60,-64.74%,20200702.xls
河北快3,10,2250.00,2696.46,30.00,6.28,-452.74,-20.12%,20200702.xls
上海快3,6,2080.00,2449.26,18.00,0.00,-369.26,-17.75%,20200702.xls
湖北快3,7,1691.00,440.49,0.00,6.26,1244.26,73.58%,20200702.xls
传统疯狂飞艇,4,1675.00,696.17,0.00,2.36,976.47,58.30%,20200702.xls
5分六合,1,1465.00,1299.60,0.00,0.00,165.40,11.29%,20200702.xls
山东11选5,7,1361.70,1136.19,48.00,9.92,215.59,15.83%,20200702.xls
澳门六合彩,6,1097.00,389.73,70.00,4.39,702.88,64.07%,20200702.xls
北京快3,3,1066.00,2532.06,0.00,0.00,-1466.06,-137.53%,20200702.xls
广东11选5,4,1027.20,1087.69,17.20,0.00,-60.49,-5.89%,20200702.xls
吉林快3,5,1026.00,1120.11,153.00,5.60,-99.71,-9.72%,20200702.xls
梭哈,4,950.00,2089.90,0.00,0.00,-1139.90,-119.99%,20200702.xls
百人牌九,1,900.00,1089.00,0.00,0.00,-189.00,-21.00%,20200702.xls
传统10分彩,3,866.00,1234.49,0.00,2.72,-371.21,-42.86%,20200702.xls
腾讯3分彩,3,725.40,479.86,0.00,0.00,245.54,33.85%,20200702.xls
百人二八杠,2,540.00,495.00,0.00,0.00,45.00,8.33%,20200702.xls
广西快3,4,524.00,930.60,0.00,0.27,-406.87,-77.65%,20200702.xls
万人牛牛,3,505.00,566.82,0.00,3.70,-65.52,-12.97%,20200702.xls
秒秒彩,2,496.00,521.13,0.00,0.00,-25.13,-5.07%,20200702.xls
3分彩,2,390.20,426.83,0.00,0.00,-36.63,-9.39%,20200702.xls
江西11选5,5,349.00,670.14,0.00,1.60,-322.74,-92.48%,20200702.xls
江苏11选5,2,340.10,435.60,0.00,0.00,-95.50,-28.08%,20200702.xls
上海11选5,6,337.94,286.36,20.00,0.15,51.42,15.22%,20200702.xls
腾讯5分彩,1,281.56,157.60,0.00,0.00,123.96,44.03%,20200702.xls
传统3分赛车,3,271.00,186.91,0.00,7.20,76.89,28.37%,20200702.xls
百人德扑,1,165.00,158.40,0.00,0.00,6.60,4.00%,20200702.xls
射龙门,2,135.00,110.20,0.00,1.35,23.45,17.37%,20200702.xls
5分彩,1,101.00,0.00,0.00,2.02,98.98,98.00%,20200702.xls
传统5分赛车,2,58.00,29.57,0.00,1.48,26.95,46.47%,20200702.xls
万人百家乐,1,40.00,48.75,0.00,0.00,-8.75,-21.88%,20200702.xls
百人三公,1,30.00,39.60,0.00,0.00,-9.60,-32.00%,20200702.xls
小计,,10599461.60,10125762.11,128350.90,52153.47,421546.05,3.98%,20200702.xls
1分快3,595,9751584.00,9244059.82,315834.00,12139.29,495384.88,5.08%,20200703.xls
极速快3,141,1033584.00,986703.69,0.00,4308.58,42571.74,4.12%,20200703.xls
3分快3,82,385377.00,406459.72,31073.00,624.68,-21707.40,-5.63%,20200703.xls
百人牛牛,11,171560.00,173069.60,0.00,0.00,-1509.60,-0.88%,20200703.xls
疯狂飞艇,26,145551.78,138713.32,2682.00,365.09,6473.36,4.45%,20200703.xls
5分快3,32,145109.00,125885.53,6874.00,32.66,19190.81,13.23%,20200703.xls
欢乐生肖,12,125323.28,78869.13,4306.40,0.11,46454.04,37.07%,20200703.xls
1分赛车,30,122226.94,114569.47,754.20,404.40,7253.08,5.93%,20200703.xls
传统1分彩,19,66241.00,64488.41,2162.00,2.91,1749.68,2.64%,20200703.xls
极速赛车,22,65520.60,64660.08,0.00,216.47,644.05,0.98%,20200703.xls
1分六合,29,64477.00,63978.82,218.00,111.68,386.50,0.60%,20200703.xls
龙虎斗,34,59580.00,57595.45,0.00,203.50,1781.05,2.99%,20200703.xls
六合秒秒,6,53667.00,52161.22,0.00,149.43,1356.35,2.53%,20200703.xls
1分彩,46,49515.26,46008.33,526.60,43.74,3463.20,6.99%,20200703.xls
万人红黑大战,4,47581.00,40593.96,0.00,0.00,6987.04,14.68%,20200703.xls
传统1分赛车,11,45846.00,45211.60,7973.00,0.00,634.40,1.38%,20200703.xls
万人龙虎,10,33050.00,37542.35,35.00,26.22,-4518.57,-13.67%,20200703.xls
腾讯时时彩,25,26597.82,27656.66,142.36,50.51,-1109.35,-4.17%,20200703.xls
传统北京赛车,7,23965.00,22382.00,1057.00,181.08,1401.92,5.85%,20200703.xls
百家乐,10,20915.00,21701.65,0.00,0.00,-786.65,-3.76%,20200703.xls
传统欢乐生肖,3,14633.00,15551.62,0.00,192.75,-1111.37,-7.59%,20200703.xls
腾讯3分彩,2,13232.00,15654.53,0.00,0.00,-2422.53,-18.31%,20200703.xls
1分11选5,20,11322.32,12705.91,17.50,65.72,-1449.32,-12.80%,20200703.xls
百人炸金花,3,10725.00,9683.10,0.00,160.43,881.48,8.22%,20200703.xls
江苏快3,11,10212.00,3960.00,0.00,0.00,6252.00,61.22%,20200703.xls
山东11选5,9,9461.20,9849.29,24.00,42.16,-430.25,-4.55%,20200703.xls
腾讯1.5分彩,2,8006.40,6074.13,0.00,0.00,1932.27,24.13%,20200703.xls
骰宝,8,7790.00,4579.50,0.00,47.00,3163.50,40.61%,20200703.xls
3分赛车,12,5735.26,8005.97,813.60,2.77,-2273.48,-39.64%,20200703.xls
安徽快3,8,5690.00,4203.54,110.00,0.00,1486.46,26.12%,20200703.xls
奔驰宝马,4,4950.00,4075.95,0.00,0.00,874.05,17.66%,20200703.xls
红黑大战,4,3575.00,4277.80,0.00,0.00,-702.80,-19.66%,20200703.xls
5分赛车,7,3114.86,3017.12,0.00,0.00,97.74,3.14%,20200703.xls
万人射龙门,2,3110.00,4141.00,0.00,0.00,-1031.00,-33.15%,20200703.xls
梭哈,6,2770.00,3183.30,0.00,0.15,-413.45,-14.93%,20200703.xls
北京赛车,4,2602.66,2712.60,0.00,0.00,-109.94,-4.22%,20200703.xls
吉林快3,5,2202.00,1633.57,0.00,20.85,547.58,24.87%,20200703.xls
1分幸运28,7,2021.00,1606.78,0.00,0.00,414.22,20.50%,20200703.xls
江西11选5,4,1886.00,2759.53,20.00,0.00,-873.53,-46.32%,20200703.xls
澳门六合彩,6,1840.00,388.75,24.00,2.70,1448.55,78.73%,20200703.xls
传统疯狂飞艇,3,1769.00,756.36,0.00,0.00,1012.64,57.24%,20200703.xls
上海快3,7,1762.00,2084.94,0.00,0.25,-323.19,-18.34%,20200703.xls
广西快3,5,1751.00,19.80,0.00,0.15,1731.05,98.86%,20200703.xls
北京快3,6,1743.00,2443.00,1175.00,1.05,-701.05,-40.22%,20200703.xls
广东11选5,6,1516.80,1558.34,40.00,0.31,-41.85,-2.76%,20200703.xls
百人二八杠,1,1390.00,831.60,0.00,0.00,558.40,40.17%,20200703.xls
上海11选5,7,1270.20,1931.89,0.00,0.20,-661.88,-52.11%,20200703.xls
森林舞会,3,1250.00,708.40,0.00,0.00,541.60,43.33%,20200703.xls
贵州快3,3,1076.00,940.50,0.00,0.50,135.00,12.55%,20200703.xls
江苏11选5,3,1032.00,1154.34,0.00,0.00,-122.34,-11.85%,20200703.xls
湖北快3,5,980.00,253.44,50.00,0.00,726.56,74.14%,20200703.xls
万人牛牛,3,931.00,858.84,0.00,8.70,63.46,6.82%,20200703.xls
河北快3,6,533.00,405.54,159.00,0.05,127.41,23.90%,20200703.xls
万人百家乐,1,500.00,1000.00,0.00,0.00,-500.00,-100.00%,20200703.xls
百人德扑,1,490.00,712.80,0.00,0.00,-222.80,-45.47%,20200703.xls
射龙门,2,375.00,509.30,0.00,0.00,-134.30,-35.81%,20200703.xls
传统10分赛车,1,291.00,405.90,0.00,0.00,-114.90,-39.48%,20200703.xls
3分彩,3,260.00,237.60,0.00,0.00,22.40,8.62%,20200703.xls
腾讯5分彩,2,224.64,131.33,0.00,0.00,93.31,41.54%,20200703.xls
5分六合,2,175.00,48.51,0.00,0.00,126.49,72.28%,20200703.xls
百人牌九,1,140.00,79.20,0.00,0.00,60.80,43.43%,20200703.xls
甘肃快3,3,112.00,433.28,36.00,0.35,-321.63,-287.17%,20200703.xls
传统10分彩,1,50.00,0.00,0.00,0.00,50.00,100.00%,20200703.xls
5分彩,1,0.32,0.00,0.00,0.01,0.31,96.88%,20200703.xls
小计,,12581772.34,11947879.71,376106.66,19406.45,614486.20,4.88%,20200703.xls
1分快3,597,5028991.00,4870821.07,71840.00,10136.16,148033.78,2.94%,20200704.xls
极速快3,148,2372831.00,2258059.60,0.00,1250.64,113520.76,4.78%,20200704.xls
3分快3,80,349693.00,383586.12,9885.00,614.48,-34507.60,-9.87%,20200704.xls
百人牛牛,10,225580.00,164425.40,0.00,7.00,61147.60,27.11%,20200704.xls
5分快3,36,135502.00,135872.26,2257.00,49.80,-420.06,-0.31%,20200704.xls
1分六合,22,131335.00,124772.79,188.00,336.17,6226.04,4.74%,20200704.xls
六合秒秒,6,116304.00,113020.45,0.00,65.79,3217.76,2.77%,20200704.xls
传统1分彩,18,92354.00,91205.72,25795.00,96.08,1052.21,1.14%,20200704.xls
欢乐生肖,15,82948.92,81793.80,3600.00,0.01,1155.11,1.39%,20200704.xls
万人红黑大战,3,80420.00,71801.40,0.00,6.06,8612.54,10.71%,20200704.xls
1分赛车,34,77021.24,72791.89,431.80,191.17,4038.18,5.24%,20200704.xls
龙虎斗,23,64225.00,50872.75,0.00,366.55,12985.71,20.22%,20200704.xls
疯狂飞艇,20,64211.78,58976.00,1528.40,140.59,5095.19,7.93%,20200704.xls
万人龙虎,16,50415.00,39660.05,50.00,28.48,10726.47,21.28%,20200704.xls
传统1分赛车,8,38285.00,36796.87,4260.00,2.92,1485.21,3.88%,20200704.xls
极速赛车,21,35516.32,37505.54,0.00,116.55,-2105.76,-5.93%,20200704.xls
1分彩,33,33456.84,33808.34,108.20,45.93,-397.43,-1.19%,20200704.xls
百家乐,7,24480.00,25795.60,0.00,0.00,-1315.60,-5.37%,20200704.xls
腾讯时时彩,22,20611.20,18931.40,64.64,54.46,1625.34,7.89%,20200704.xls
传统欢乐生肖,4,20301.00,19852.96,0.00,288.90,159.14,0.78%,20200704.xls
山东11选5,11,19858.60,28936.10,592.00,89.80,-9167.30,-46.16%,20200704.xls
森林舞会,2,16910.00,15814.80,0.00,0.00,1095.20,6.48%,20200704.xls
江苏快3,14,16700.00,16645.86,58.00,0.00,54.14,0.32%,20200704.xls
传统北京赛车,5,13444.00,13839.25,465.00,0.00,-395.25,-2.94%,20200704.xls
1分11选5,16,11147.38,11712.75,0.82,48.90,-614.27,-5.51%,20200704.xls
奔驰宝马,5,9490.00,9253.70,0.00,3.60,232.70,2.45%,20200704.xls
腾讯1.5分彩,4,7092.60,8832.15,7.20,0.00,-1739.55,-24.53%,20200704.xls
5分彩,5,6787.98,1801.30,0.00,126.71,4859.97,71.60%,20200704.xls
3分赛车,6,6700.94,8657.80,0.00,27.70,-1984.56,-29.62%,20200704.xls
安徽快3,9,6616.00,7694.28,0.00,0.50,-1078.78,-16.31%,20200704.xls
北京赛车,4,5110.80,2177.00,0.00,0.00,2933.80,57.40%,20200704.xls
骰宝,3,4930.00,4682.70,0.00,0.00,247.30,5.02%,20200704.xls
万人射龙门,1,4780.00,5151.00,0.00,0.00,-371.00,-7.76%,20200704.xls
传统疯狂飞艇,2,4248.00,5106.40,0.00,15.80,-874.20,-20.58%,20200704.xls
万人牛牛,4,2840.00,1797.13,0.00,56.25,986.62,34.74%,20200704.xls
5分赛车,4,2475.40,2296.80,0.00,0.00,178.60,7.21%,20200704.xls
腾讯3分彩,1,2464.20,2035.66,0.00,0.00,428.54,17.39%,20200704.xls
上海11选5,9,2386.82,2750.37,20.00,2.00,-365.55,-15.32%,20200704.xls
百人炸金花,2,2145.00,1638.30,0.00,31.73,474.98,22.14%,20200704.xls
上海快3,6,1964.00,1541.70,10.00,0.85,421.45,21.46%,20200704.xls
广东11选5,7,1820.40,1022.67,4.00,2.16,795.57,43.70%,20200704.xls
百人德扑,1,1790.00,1089.00,0.00,0.00,701.00,39.16%,20200704.xls
广西快3,4,1686.00,1884.96,0.00,1.75,-200.71,-11.90%,20200704.xls
澳门六合彩,5,1686.00,3205.30,0.00,4.95,-1524.25,-90.41%,20200704.xls
江苏11选5,5,1642.60,1664.25,0.00,0.00,-21.65,-1.32%,20200704.xls
百人牌九,1,1560.00,1128.60,0.00,0.00,431.40,27.65%,20200704.xls
北京快3,5,1460.00,1609.88,400.00,0.00,-149.88,-10.27%,20200704.xls
江西11选5,5,1368.20,807.36,20.00,0.00,560.84,40.99%,20200704.xls
贵州快3,4,1334.00,2021.38,0.00,0.30,-687.68,-51.55%,20200704.xls
吉林快3,5,1032.00,926.33,0.00,4.31,101.36,9.82%,20200704.xls
腾讯5分彩,1,1022.40,1181.99,0.00,0.00,-159.59,-15.61%,20200704.xls
红黑大战,5,810.00,454.40,0.00,1.60,354.00,43.70%,20200704.xls
河北快3,4,726.00,540.54,39.00,0.00,185.46,25.55%,20200704.xls
3分彩,2,636.40,696.07,0.00,0.00,-59.67,-9.38%,20200704.xls
梭哈,1,500.00,1273.00,0.00,0.00,-773.00,-154.60%,20200704.xls
传统3分赛车,2,378.00,548.20,0.00,1.12,-171.32,-45.32%,20200704.xls
甘肃快3,2,303.00,0.00,0.00,0.00,303.00,100.00%,20200704.xls
飞禽走兽,1,255.00,250.00,0.00,0.00,5.00,1.96%,20200704.xls
百人三公,1,190.00,178.20,0.00,0.00,11.80,6.21%,20200704.xls
湖北快3,3,169.00,91.08,0.00,0.00,77.92,46.11%,20200704.xls
1分幸运28,3,127.00,12.00,0.00,0.00,115.00,90.55%,20200704.xls
传统10分彩,1,50.00,0.00,0.00,0.00,50.00,100.00%,20200704.xls
10分六合,1,23.00,0.00,0.00,0.00,23.00,100.00%,20200704.xls
传统10分赛车,1,11.00,0.00,0.00,0.00,11.00,100.00%,20200704.xls
万人炸金花,1,5.00,0.00,0.00,0.00,5.00,100.00%,20200704.xls
5分六合,1,1.00,0.00,0.00,0.00,1.00,100.00%,20200704.xls
小计,,9213160.02,8863300.27,121624.06,14217.77,335642.03,3.64%,20200704.xls
1分快3,600,5261485.00,4910279.30,65315.00,13745.09,337460.61,6.41%,20200705.xls
极速快3,143,1526939.00,1462104.51,0.00,2699.17,62135.32,4.07%,20200705.xls
3分快3,95,291024.00,290063.32,12063.00,473.86,486.83,0.17%,20200705.xls
万人红黑大战,5,163055.00,155409.95,0.00,0.00,7645.05,4.69%,20200705.xls
极速赛车,26,114727.32,110752.52,0.00,494.23,3480.57,3.03%,20200705.xls
5分快3,38,101117.00,92645.22,2260.00,2.11,8469.67,8.38%,20200705.xls
1分六合,21,84678.00,80197.63,37.00,98.48,4381.90,5.17%,20200705.xls
1分彩,36,64023.36,59494.82,67.60,197.54,4331.00,6.76%,20200705.xls
百家乐,6,62780.00,52286.75,0.00,0.00,10493.25,16.71%,20200705.xls
传统1分彩,21,61246.00,60791.25,38.00,95.07,359.69,0.59%,20200705.xls
传统1分赛车,13,53878.00,50396.69,6344.00,29.84,3451.47,6.41%,20200705.xls
龙虎斗,20,48840.00,54943.45,0.00,317.36,-6420.81,-13.15%,20200705.xls
万人龙虎,20,48335.00,43415.95,125.00,19.86,4899.19,10.14%,20200705.xls
1分赛车,26,44434.36,42590.51,145.60,15.21,1828.64,4.12%,20200705.xls
疯狂飞艇,20,42709.40,40801.18,1344.40,22.48,1885.75,4.42%,20200705.xls
腾讯1.5分彩,5,36279.96,11642.07,0.00,1.37,24636.53,67.91%,20200705.xls
欢乐生肖,7,32281.24,26011.46,542.32,0.00,6269.78,19.42%,20200705.xls
腾讯时时彩,18,29927.60,32412.82,6.10,91.03,-2576.25,-8.61%,20200705.xls
广东11选5,6,28575.60,39062.14,11.20,55.55,-10542.09,-36.89%,20200705.xls
百人牛牛,10,27040.00,25646.90,0.00,2.80,1390.30,5.14%,20200705.xls
1分11选5,13,26902.12,24241.71,12.28,364.53,2295.88,8.53%,20200705.xls
六合秒秒,4,24995.00,15742.75,0.00,0.68,9251.57,37.01%,20200705.xls
上海11选5,8,21190.14,24346.00,240.00,40.69,-3196.55,-15.09%,20200705.xls
江西11选5,5,15474.00,18884.96,0.00,28.85,-3439.81,-22.23%,20200705.xls
3分赛车,11,13168.34,12390.68,27.00,8.95,768.71,5.84%,20200705.xls
传统欢乐生肖,6,12628.00,11417.17,0.00,148.22,1062.61,8.41%,20200705.xls
森林舞会,3,11440.00,9681.60,0.00,0.00,1758.40,15.37%,20200705.xls
传统北京赛车,8,10847.00,14423.91,822.00,73.44,-3650.35,-33.65%,20200705.xls
奔驰宝马,1,10350.00,10395.00,0.00,0.00,-45.00,-0.43%,20200705.xls
山东11选5,11,9885.08,12309.41,66.00,18.02,-2442.35,-24.71%,20200705.xls
传统疯狂飞艇,4,7741.00,8859.94,0.00,178.78,-1297.72,-16.76%,20200705.xls
安徽快3,10,7100.00,6000.14,30.00,24.80,1075.06,15.14%,20200705.xls
江苏快3,13,6716.00,5755.46,2200.00,5.00,955.54,14.23%,20200705.xls
万人射龙门,1,6550.00,6389.00,0.00,0.00,161.00,2.46%,20200705.xls
北京快3,5,6460.00,6528.70,235.00,0.00,-68.70,-1.06%,20200705.xls
吉林快3,8,6430.00,5406.14,78.00,25.21,998.65,15.53%,20200705.xls
上海快3,6,5180.00,6763.38,0.00,5.00,-1588.38,-30.66%,20200705.xls
5分彩,2,4676.32,5654.40,0.00,88.13,-1066.21,-22.80%,20200705.xls
骰宝,2,4540.00,4831.20,0.00,0.00,-291.20,-6.41%,20200705.xls
湖北快3,6,4522.00,3494.46,0.00,20.00,1007.54,22.28%,20200705.xls
5分赛车,9,3989.20,2908.22,110.00,23.18,1057.80,26.52%,20200705.xls
腾讯3分彩,5,3608.04,2736.33,0.00,0.00,871.71,24.16%,20200705.xls
贵州快3,4,2797.00,4782.50,32.00,4.55,-1990.05,-71.15%,20200705.xls
万人炸金花,1,2420.00,3110.40,0.00,58.25,-748.65,-30.94%,20200705.xls
梭哈,3,2320.00,1054.25,0.00,0.00,1265.75,54.56%,20200705.xls
河北快3,6,1343.00,276.78,401.00,5.00,1061.22,79.02%,20200705.xls
广西快3,4,1238.00,1239.46,0.00,5.00,-6.46,-0.52%,20200705.xls
万人百家乐,2,1000.00,1120.00,0.00,0.00,-120.00,-12.00%,20200705.xls
百人炸金花,3,920.00,971.55,0.00,6.80,-58.35,-6.34%,20200705.xls
江苏11选5,5,918.20,87.12,0.00,0.00,831.08,90.51%,20200705.xls
澳门六合彩,6,906.00,601.80,45.00,5.90,298.30,32.92%,20200705.xls
百人二八杠,2,905.00,594.00,0.00,0.00,311.00,34.36%,20200705.xls
万人牛牛,3,900.00,914.25,0.00,14.70,-28.95,-3.22%,20200705.xls
红黑大战,4,440.00,406.20,0.00,0.00,33.80,7.68%,20200705.xls
腾讯5分彩,3,414.00,748.60,0.00,0.00,-334.60,-80.82%,20200705.xls
百人牌九,1,360.00,296.90,0.00,0.00,63.10,17.53%,20200705.xls
甘肃快3,4,304.00,1075.23,48.00,0.00,-771.23,-253.69%,20200705.xls
传统10分彩,2,302.00,313.13,0.00,0.00,-11.13,-3.69%,20200705.xls
传统3分赛车,3,204.00,119.82,102.00,0.48,83.70,41.03%,20200705.xls
1分幸运28,3,198.00,151.62,0.00,0.00,46.38,23.42%,20200705.xls
3分彩,2,109.20,222.74,0.00,0.00,-113.54,-103.97%,20200705.xls
传统5分赛车,2,62.00,1.98,0.00,0.00,60.02,96.81%,20200705.xls
射龙门,1,60.00,77.50,0.00,0.00,-17.50,-29.17%,20200705.xls
飞禽走兽,2,45.00,0.00,0.00,0.00,45.00,100.00%,20200705.xls
百人德扑,1,35.00,39.40,0.00,0.00,-4.40,-12.57%,20200705.xls
百人三公,1,30.00,19.80,0.00,0.00,10.20,34.00%,20200705.xls
万人德扑,1,10.00,19.70,0.00,0.00,-9.70,-97.00%,20200705.xls
北京赛车,2,5.20,0.00,0.00,0.00,5.20,100.00%,20200705.xls
决战梭哈,1,5.00,0.00,0.00,0.00,5.00,100.00%,20200705.xls
小计,,8366018.68,7878353.73,92747.50,19515.21,468149.79,5.60%,20200705.xls
1分快3,626,4420954.00,4124253.00,52260.00,12783.30,283917.70,6.42%,20200706.xls
极速快3,143,1448523.00,1388209.03,0.00,2110.38,58203.59,4.02%,20200706.xls
江西11选5,5,161828.00,184805.20,0.00,324.39,-23301.59,-14.40%,20200706.xls
3分快3,102,153195.00,149265.15,11826.00,283.67,3646.18,2.38%,20200706.xls
1分六合,23,138298.00,131757.41,2.00,139.18,6401.41,4.63%,20200706.xls
龙虎斗,30,114480.00,91275.45,230.00,176.94,23027.61,20.11%,20200706.xls
1分赛车,30,95538.00,93503.51,1657.48,188.70,1845.79,1.93%,20200706.xls
上海11选5,8,74309.76,60943.05,0.00,146.68,13220.02,17.79%,20200706.xls
传统1分赛车,11,65714.00,61658.24,2588.00,433.08,3622.68,5.51%,20200706.xls
万人红黑大战,3,65670.00,62210.70,100.00,0.00,3459.30,5.27%,20200706.xls
广东11选5,7,64964.40,51764.99,0.00,128.32,13071.09,20.12%,20200706.xls
极速赛车,22,61449.52,60109.72,0.00,225.61,1114.19,1.81%,20200706.xls
1分彩,35,55029.58,54157.28,225.00,382.25,490.05,0.89%,20200706.xls
传统1分彩,21,53836.00,52202.02,130.00,124.54,1509.45,2.80%,20200706.xls
欢乐生肖,11,48663.64,41746.32,800.56,0.00,6917.32,14.21%,20200706.xls
万人龙虎,23,46035.00,50810.50,95.00,85.54,-4861.04,-10.56%,20200706.xls
5分快3,41,40324.00,32847.99,1844.00,11.79,7464.22,18.51%,20200706.xls
疯狂飞艇,24,38630.92,41863.52,1018.80,103.96,-3336.56,-8.64%,20200706.xls
奔驰宝马,6,33835.00,30012.45,0.00,8.40,3814.15,11.27%,20200706.xls
腾讯时时彩,25,26726.36,26920.92,40.00,131.70,-326.25,-1.22%,20200706.xls
腾讯1.5分彩,5,17978.92,7169.30,0.00,7.91,10801.71,60.08%,20200706.xls
传统疯狂飞艇,5,17195.00,13143.60,0.00,522.40,3529.00,20.52%,20200706.xls
百家乐,9,15400.00,13995.85,0.00,2.75,1401.40,9.10%,20200706.xls
1分11选5,16,14146.64,16371.30,20.90,213.36,-2438.03,-17.23%,20200706.xls
3分赛车,12,11306.62,9459.96,96.00,10.39,1836.28,16.24%,20200706.xls
红黑大战,4,10910.00,13226.20,0.00,0.20,-2316.40,-21.23%,20200706.xls
传统欢乐生肖,4,10574.00,10733.79,0.00,129.54,-289.33,-2.74%,20200706.xls
骰宝,6,8205.00,3649.70,0.00,62.10,4493.20,54.76%,20200706.xls
六合秒秒,4,7442.00,7683.23,0.00,68.23,-309.46,-4.16%,20200706.xls
北京快3,5,6235.00,6571.80,215.00,0.00,-336.80,-5.40%,20200706.xls
万人炸金花,2,6050.00,5311.20,0.00,144.00,594.80,9.83%,20200706.xls
传统北京赛车,4,4604.00,5685.34,820.00,58.56,-1139.90,-24.76%,20200706.xls
江苏快3,11,4445.00,6605.82,10.00,0.00,-2160.82,-48.61%,20200706.xls
山东11选5,9,4303.80,1873.08,60.00,8.92,2421.80,56.27%,20200706.xls
5分赛车,6,4296.80,4634.94,0.00,4.91,-343.05,-7.98%,20200706.xls
北京赛车,4,3369.72,82.48,99.00,3.30,3283.94,97.45%,20200706.xls
腾讯3分彩,2,3034.32,2206.40,0.00,0.00,827.92,27.29%,20200706.xls
吉林快3,5,2718.00,2287.69,608.00,20.20,410.11,15.09%,20200706.xls
安徽快3,9,2161.00,2698.32,300.00,0.06,-537.38,-24.87%,20200706.xls
传统3分赛车,2,2066.00,1801.80,0.00,0.00,264.20,12.79%,20200706.xls
广西快3,6,2031.00,1261.80,16.00,0.00,769.20,37.87%,20200706.xls
江苏11选5,6,1884.00,2933.77,56.00,0.00,-1049.77,-55.72%,20200706.xls
腾讯5分彩,2,1800.00,1940.70,0.00,0.00,-140.70,-7.82%,20200706.xls
百人二八杠,1,1750.00,1654.80,0.00,0.00,95.20,5.44%,20200706.xls
湖北快3,3,1300.00,1665.72,0.00,0.00,-365.72,-28.13%,20200706.xls
澳门六合彩,7,1207.00,2888.99,20.00,4.95,-1686.94,-139.76%,20200706.xls
百人三公,1,1075.00,920.70,0.00,0.00,154.30,14.35%,20200706.xls
梭哈,3,1050.00,723.45,0.00,0.10,326.45,31.09%,20200706.xls
贵州快3,4,963.00,298.98,420.00,0.00,664.02,68.95%,20200706.xls
河北快3,8,867.00,431.64,0.00,0.06,435.30,50.21%,20200706.xls
传统10分彩,1,806.00,846.75,0.00,0.00,-40.75,-5.06%,20200706.xls
百人炸金花,2,795.00,712.80,0.00,0.00,82.20,10.34%,20200706.xls
3分彩,2,763.00,625.55,8.60,0.00,137.45,18.01%,20200706.xls
传统10分赛车,1,732.00,772.20,35.00,0.00,-40.20,-5.49%,20200706.xls
万人百家乐,3,715.00,783.50,0.00,0.22,-68.72,-9.61%,20200706.xls
百人牛牛,6,625.00,494.10,0.00,0.80,130.10,20.82%,20200706.xls
飞禽走兽,2,540.00,0.00,0.00,0.00,540.00,100.00%,20200706.xls
射龙门,3,515.00,191.80,0.00,2.20,321.00,62.33%,20200706.xls
万人牛牛,5,380.00,361.87,0.00,1.20,16.93,4.46%,20200706.xls
甘肃快3,3,164.00,256.50,220.00,0.00,-92.50,-56.40%,20200706.xls
台湾宾果,1,113.60,131.68,1.00,0.00,-18.08,-15.92%,20200706.xls
森林舞会,2,90.00,0.00,0.00,0.00,90.00,100.00%,20200706.xls
5分彩,2,80.04,115.98,21.50,0.64,-36.58,-45.70%,20200706.xls
上海快3,3,60.00,118.80,0.00,0.00,-58.80,-98.00%,20200706.xls
百人德扑,1,50.00,0.00,0.00,0.00,50.00,100.00%,20200706.xls
传统5分赛车,1,36.00,59.40,0.00,0.00,-23.40,-65.00%,20200706.xls
1分幸运28,2,5.00,0.00,0.00,0.00,5.00,100.00%,20200706.xls
传统10分快3,1,4.00,6.73,0.00,0.22,-2.95,-73.75%,20200706.xls
小计,,7384846.64,6945706.46,75843.84,19055.65,420084.54,5.69%,20200706.xls
1分快3,598,4419574.00,4195028.54,69245.00,14440.35,210105.11,4.75%,20200707.xls
极速快3,129,1103619.00,1052112.02,0.00,5243.45,46263.53,4.19%,20200707.xls
3分快3,91,225495.00,216010.57,10340.00,298.76,9185.67,4.07%,20200707.xls
传统1分赛车,12,127275.00,119420.52,2040.00,1982.46,5872.02,4.61%,20200707.xls
龙虎斗,28,125530.00,115258.85,0.00,697.67,9573.49,7.63%,20200707.xls
1分六合,20,73747.00,68710.53,32.00,255.15,4781.32,6.48%,20200707.xls
5分快3,44,71883.00,69702.84,1955.00,15.68,2164.49,3.01%,20200707.xls
万人红黑大战,3,66445.00,62999.40,0.00,0.00,3445.60,5.19%,20200707.xls
疯狂飞艇,22,65280.82,64129.78,1165.40,13.10,1137.95,1.74%,20200707.xls
欢乐生肖,6,54853.48,28076.40,5340.00,0.00,26777.08,48.82%,20200707.xls
传统1分彩,16,52129.00,52482.59,247.00,63.41,-417.00,-0.80%,20200707.xls
1分彩,40,45855.64,46403.05,392.80,242.06,-789.48,-1.72%,20200707.xls
万人龙虎,19,36095.00,34770.35,15.00,25.12,1299.53,3.60%,20200707.xls
传统疯狂飞艇,5,35751.00,33678.70,0.00,13.32,2058.98,5.76%,20200707.xls
1分赛车,27,30510.02,32146.36,25.16,18.99,-1655.33,-5.43%,20200707.xls
3分赛车,7,24601.14,23354.96,48.00,111.70,1134.48,4.61%,20200707.xls
腾讯时时彩,23,22049.72,25508.16,44.10,169.08,-3627.51,-16.45%,20200707.xls
传统北京赛车,6,21455.00,27676.00,2355.00,191.04,-6412.04,-29.89%,20200707.xls
传统欢乐生肖,4,19436.00,21006.94,600.00,255.00,-1825.94,-9.39%,20200707.xls
极速赛车,17,12631.86,13000.02,0.00,20.17,-388.33,-3.07%,20200707.xls
5分赛车,6,10707.50,8737.39,0.00,53.60,1916.51,17.90%,20200707.xls
奔驰宝马,4,7715.00,7227.00,0.00,0.00,488.00,6.33%,20200707.xls
1分11选5,12,7211.66,5874.20,49.44,85.07,1252.39,17.37%,20200707.xls
森林舞会,3,7175.00,7198.00,0.00,0.00,-23.00,-0.32%,20200707.xls
腾讯1.5分彩,5,6478.08,4783.52,28.00,10.74,1683.81,25.99%,20200707.xls
江苏快3,8,5691.00,5670.62,240.00,1.55,18.83,0.33%,20200707.xls
上海11选5,9,4771.12,949.61,46.00,9.30,3812.22,79.90%,20200707.xls
腾讯3分彩,4,4709.30,4241.44,0.00,0.02,467.84,9.93%,20200707.xls
骰宝,7,2405.00,2408.30,0.00,7.30,-10.60,-0.44%,20200707.xls
红黑大战,4,2165.00,2563.80,0.00,0.00,-398.80,-18.42%,20200707.xls
江西11选5,4,2114.00,1477.66,0.00,0.80,635.54,30.06%,20200707.xls
腾讯5分彩,1,2053.20,2068.50,100.00,0.00,-15.30,-0.75%,20200707.xls
澳门六合彩,6,2049.00,935.50,15.00,5.40,1108.10,54.08%,20200707.xls
百人牛牛,6,1905.00,1410.60,0.00,0.00,494.40,25.95%,20200707.xls
百家乐,3,1815.00,1562.00,0.00,0.00,253.00,13.94%,20200707.xls
北京快3,4,1786.00,1884.96,100.00,0.00,-98.96,-5.54%,20200707.xls
山东11选5,13,1591.40,1351.60,168.00,4.43,235.37,14.79%,20200707.xls
传统3分赛车,2,1488.00,1979.80,0.00,0.00,-491.80,-33.05%,20200707.xls
吉林快3,5,1345.00,1741.55,250.00,10.51,-407.06,-30.26%,20200707.xls
广东11选5,6,959.30,362.98,0.00,0.96,595.36,62.06%,20200707.xls
上海快3,5,894.00,1134.50,0.00,2.00,-242.50,-27.13%,20200707.xls
安徽快3,5,831.00,1322.60,3.00,2.00,-493.60,-59.40%,20200707.xls
3分彩,4,768.04,681.12,76.00,0.00,86.92,11.32%,20200707.xls
贵州快3,4,760.00,445.25,0.00,2.25,312.50,41.12%,20200707.xls
江苏11选5,4,699.00,950.75,0.00,0.00,-251.75,-36.02%,20200707.xls
万人牛牛,4,566.00,496.36,0.00,0.06,69.58,12.29%,20200707.xls
甘肃快3,3,425.00,197.90,0.00,2.33,224.78,52.89%,20200707.xls
六合秒秒,2,305.00,153.26,0.00,2.41,149.33,48.96%,20200707.xls
传统10分彩,1,300.00,131.94,0.00,0.00,168.06,56.02%,20200707.xls
湖北快3,4,271.00,89.10,0.00,2.00,179.90,66.38%,20200707.xls
河北快3,5,226.00,439.47,8.00,2.03,-215.50,-95.35%,20200707.xls
广西快3,5,188.00,278.88,80.00,0.15,-91.03,-48.42%,20200707.xls
5分彩,2,111.40,130.68,0.00,0.04,-19.32,-17.34%,20200707.xls
传统10分赛车,1,102.00,118.80,0.00,0.00,-16.80,-16.47%,20200707.xls
万人射龙门,1,100.00,189.00,0.00,0.00,-89.00,-89.00%,20200707.xls
梭哈,2,100.00,87.20,0.00,0.00,12.80,12.80%,20200707.xls
射龙门,3,85.00,26.25,0.00,0.25,58.50,68.82%,20200707.xls
5分六合,2,73.00,98.02,0.00,0.69,-25.71,-35.22%,20200707.xls
北京赛车,2,62.72,74.80,0.00,3.41,-15.49,-24.70%,20200707.xls
10分六合,1,50.00,96.04,0.00,0.50,-46.54,-93.08%,20200707.xls
百人牌九,1,40.00,0.00,0.00,0.00,40.00,100.00%,20200707.xls
万人炸金花,2,35.00,0.00,0.00,0.38,34.63,98.94%,20200707.xls
万人百家乐,2,35.00,49.80,0.00,0.12,-14.92,-42.63%,20200707.xls
1分幸运28,2,13.00,98.62,0.00,0.00,-85.62,-658.62%,20200707.xls
传统5分赛车,1,10.00,19.70,0.00,0.00,-9.70,-97.00%,20200707.xls
小计,,6717401.40,6373215.65,95007.90,24266.81,319918.99,4.76%,20200707.xls
1分快3,590,5164386.00,4884982.51,98574.00,12488.41,266915.08,5.17%,20200708.xls
极速快3,136,950882.00,889380.28,0.00,2244.97,59256.75,6.23%,20200708.xls
3分快3,91,303028.00,292582.43,1740.00,422.89,10022.68,3.31%,20200708.xls
5分快3,43,128828.00,119320.86,1074.00,55.33,9451.81,7.34%,20200708.xls
万人红黑大战,7,94293.00,100941.76,0.00,0.00,-6648.76,-7.05%,20200708.xls
1分赛车,28,91115.92,86299.25,191.00,70.46,4746.20,5.21%,20200708.xls
欢乐生肖,14,90226.36,95891.40,1.20,0.00,-5665.04,-6.28%,20200708.xls
1分彩,38,80261.62,76472.23,473.80,236.96,3552.43,4.43%,20200708.xls
传统1分赛车,17,74786.00,75564.91,102.00,126.12,-905.03,-1.21%,20200708.xls
龙虎斗,29,72745.00,75772.75,0.00,358.68,-3386.43,-4.66%,20200708.xls
传统1分彩,19,72371.00,69503.19,0.00,164.63,2703.18,3.74%,20200708.xls
1分六合,21,59026.00,60681.91,34.00,196.88,-1852.79,-3.14%,20200708.xls
万人龙虎,18,51630.00,54643.30,35.00,21.02,-3034.32,-5.88%,20200708.xls
疯狂飞艇,23,41459.60,45037.30,200.00,27.04,-3604.74,-8.69%,20200708.xls
腾讯时时彩,24,32677.86,35402.83,104.70,233.26,-2958.23,-9.05%,20200708.xls
传统北京赛车,6,32304.00,20839.80,3275.00,112.68,11351.52,35.14%,20200708.xls
传统欢乐生肖,5,28271.00,31639.47,600.00,220.27,-3588.74,-12.69%,20200708.xls
极速赛车,20,25658.26,26603.08,0.00,283.63,-1228.45,-4.79%,20200708.xls
传统疯狂飞艇,4,21500.00,20366.18,0.00,3.60,1130.22,5.26%,20200708.xls
3分赛车,9,16818.50,10772.60,0.00,79.22,5966.68,35.48%,20200708.xls
六合秒秒,4,16252.00,15684.99,0.00,5.68,561.33,3.45%,20200708.xls
安徽快3,16,12976.00,13411.44,1010.00,9.12,-444.56,-3.43%,20200708.xls
传统3分赛车,3,11778.00,12113.89,35.00,0.00,-335.89,-2.85%,20200708.xls
5分赛车,7,9526.80,8177.20,780.00,45.08,1304.52,13.69%,20200708.xls
1分11选5,15,7696.90,6766.37,75.32,82.29,848.25,11.02%,20200708.xls
湖北快3,7,4771.00,3871.62,1.00,2.16,897.22,18.81%,20200708.xls
江苏快3,12,4648.00,5014.08,0.00,5.70,-371.78,-8.00%,20200708.xls
广西快3,5,4527.00,7434.88,0.00,17.65,-2925.53,-64.62%,20200708.xls
森林舞会,3,4495.00,3696.80,0.00,0.00,798.20,17.76%,20200708.xls
5分彩,1,4389.00,3346.20,100.00,0.00,1042.80,23.76%,20200708.xls
北京赛车,4,3680.00,3913.86,0.00,20.45,-254.31,-6.91%,20200708.xls
上海快3,8,2691.00,3821.64,0.00,0.63,-1131.27,-42.04%,20200708.xls
奔驰宝马,3,2535.00,2623.50,0.00,0.00,-88.50,-3.49%,20200708.xls
百人炸金花,3,2410.00,472.80,0.00,22.15,1915.05,79.46%,20200708.xls
江苏11选5,4,2392.00,1720.61,60.00,0.00,671.39,28.07%,20200708.xls
百人德扑,1,2150.00,2336.80,0.00,0.00,-186.80,-8.69%,20200708.xls
广东11选5,7,2011.44,2382.55,8.00,0.00,-371.11,-18.45%,20200708.xls
山东11选5,9,1736.10,1421.46,192.00,0.44,314.20,18.10%,20200708.xls
河北快3,10,1566.00,1862.82,120.00,3.40,-300.22,-19.17%,20200708.xls
贵州快3,4,1541.00,1361.16,0.00,3.24,176.60,11.46%,20200708.xls
骰宝,7,1435.00,1430.10,0.00,0.85,4.05,0.28%,20200708.xls
吉林快3,5,1388.00,1911.87,135.00,11.94,-535.81,-38.60%,20200708.xls
上海11选5,7,1336.70,1034.55,0.00,0.02,302.13,22.60%,20200708.xls
梭哈,3,1195.00,881.25,0.00,0.00,313.75,26.26%,20200708.xls
百家乐,3,1035.00,1199.70,0.00,1.35,-166.05,-16.04%,20200708.xls
腾讯1.5分彩,3,872.50,530.33,0.00,7.83,334.34,38.32%,20200708.xls
江西11选5,4,838.00,769.89,0.00,1.60,66.51,7.94%,20200708.xls
澳门六合彩,5,831.00,1745.70,100.00,5.39,-920.09,-110.72%,20200708.xls
甘肃快3,6,827.00,908.46,0.00,3.24,-84.70,-10.24%,20200708.xls
红黑大战,4,825.00,720.65,0.00,0.45,103.90,12.59%,20200708.xls
传统5分赛车,1,720.00,0.00,0.00,0.00,720.00,100.00%,20200708.xls
万人牛牛,5,682.00,786.10,0.00,0.00,-104.10,-15.26%,20200708.xls
北京快3,4,675.00,813.60,20.00,1.08,-139.68,-20.69%,20200708.xls
1分幸运28,3,395.00,481.14,0.00,0.00,-86.14,-21.81%,20200708.xls
10分六合,1,390.00,384.16,0.00,3.90,1.94,0.50%,20200708.xls
万人炸金花,2,300.00,354.60,0.00,0.00,-54.60,-18.20%,20200708.xls
飞禽走兽,3,270.00,337.15,0.00,10.80,-77.95,-28.87%,20200708.xls
秒秒彩,2,218.00,401.40,0.00,15.30,-198.70,-91.15%,20200708.xls
百人牛牛,4,210.00,79.20,0.00,0.00,130.80,62.29%,20200708.xls
万人百家乐,1,110.00,136.50,0.00,0.00,-26.50,-24.09%,20200708.xls
决战梭哈,1,110.00,102.50,0.00,0.00,7.50,6.82%,20200708.xls
射龙门,3,70.00,39.75,0.00,1.00,29.25,41.79%,20200708.xls
传统10分赛车,1,35.00,0.00,0.00,0.00,35.00,100.00%,20200708.xls
万人德扑,1,15.00,0.00,0.00,0.00,15.00,100.00%,20200708.xls
腾讯5分彩,2,14.70,27.72,0.00,0.00,-13.02,-88.57%,20200708.xls
幸运28,1,14.00,16.36,0.00,0.00,-2.36,-16.86%,20200708.xls
万人射龙门,1,10.00,0.00,0.00,0.00,10.00,100.00%,20200708.xls
百人牌九,1,10.00,10.00,0.00,0.00,0.00,0.00%,20200708.xls
3分彩,1,7.20,0.00,0.00,0.00,7.20,100.00%,20200708.xls
传统10分快3,1,5.00,9.85,0.00,0.00,-4.85,-97.00%,20200708.xls
腾讯3分彩,1,2.90,3.78,0.00,0.26,-1.14,-39.31%,20200708.xls
小计,,7550887.36,7189249.02,109041.02,17629.05,344009.29,4.56%,20200708.xls
1分快3,585,5334429.00,5126053.85,109788.00,16547.23,191827.93,3.60%,20200709.xls
极速快3,136,964333.00,912445.64,0.00,1850.16,50037.20,5.19%,20200709.xls
3分快3,76,402897.00,388351.77,9964.00,457.63,14087.60,3.50%,20200709.xls
5分快3,38,185209.00,181795.90,783.00,38.95,3374.15,1.82%,20200709.xls
1分六合,20,155038.00,146426.39,38.00,339.19,8272.42,5.34%,20200709.xls
龙虎斗,34,130435.00,105396.65,0.00,454.11,24584.25,18.85%,20200709.xls
欢乐生肖,15,98870.46,103381.74,3300.00,0.00,-4511.28,-4.56%,20200709.xls
1分赛车,34,82670.76,78704.38,77.40,279.33,3687.05,4.46%,20200709.xls
1分彩,39,61217.38,56691.56,789.60,188.36,4337.45,7.09%,20200709.xls
传统1分彩,18,44044.00,44477.85,148.00,53.78,-487.63,-1.11%,20200709.xls
万人红黑大战,6,44010.00,45859.51,0.00,4.32,-1853.83,-4.21%,20200709.xls
疯狂飞艇,21,43784.56,37564.01,786.00,34.74,6185.81,14.13%,20200709.xls
万人龙虎,19,36980.00,39068.90,65.00,14.12,-2103.02,-5.69%,20200709.xls
传统1分赛车,12,33400.00,33533.65,0.00,1.36,-135.01,-0.40%,20200709.xls
3分赛车,12,33106.24,23029.87,16.80,166.27,9910.10,29.93%,20200709.xls
腾讯时时彩,29,30425.96,28257.31,741.30,181.79,1986.86,6.53%,20200709.xls
传统北京赛车,7,30179.00,29003.60,2827.00,431.22,744.18,2.47%,20200709.xls
传统疯狂飞艇,2,24061.00,22958.10,1000.00,0.00,1102.90,4.58%,20200709.xls
江苏快3,17,21967.00,22627.80,21.00,2.13,-662.93,-3.02%,20200709.xls
极速赛车,25,18422.20,16832.97,0.00,55.14,1534.09,8.33%,20200709.xls
传统欢乐生肖,5,15256.00,14588.61,0.00,189.63,477.76,3.13%,20200709.xls
5分赛车,6,13955.60,21890.56,828.00,71.43,-8006.39,-57.37%,20200709.xls
六合秒秒,4,9201.00,11861.95,0.00,22.69,-2683.64,-29.17%,20200709.xls
红黑大战,5,8580.00,11375.30,0.00,1.90,-2797.20,-32.60%,20200709.xls
北京快3,8,7937.00,6569.06,460.00,3.25,1364.69,17.19%,20200709.xls
北京赛车,6,7287.60,13820.10,161.10,46.37,-6578.87,-90.27%,20200709.xls
奔驰宝马,4,6205.00,7298.40,0.00,0.00,-1093.40,-17.62%,20200709.xls
传统3分赛车,3,6202.00,5756.80,0.00,0.00,445.20,7.18%,20200709.xls
湖北快3,6,5484.00,4740.24,200.00,0.50,743.26,13.55%,20200709.xls
河北快3,8,5279.00,5442.70,0.00,0.95,-164.65,-3.12%,20200709.xls
万人射龙门,3,4735.00,5716.40,50.00,0.00,-981.40,-20.73%,20200709.xls
安徽快3,7,4734.00,2463.08,112.00,2.25,2268.67,47.92%,20200709.xls
1分11选5,15,4177.88,4926.70,36.24,54.64,-803.46,-19.23%,20200709.xls
广西快3,6,3850.00,3101.24,100.00,1.00,747.76,19.42%,20200709.xls
骰宝,7,3455.00,3082.00,0.00,5.00,368.00,10.65%,20200709.xls
山东11选5,8,3408.20,3584.92,133.00,0.00,-176.72,-5.19%,20200709.xls
上海快3,10,3187.00,4529.05,0.00,1.85,-1343.90,-42.17%,20200709.xls
万人百家乐,2,2740.00,1300.00,0.00,0.00,1440.00,52.55%,20200709.xls
广东11选5,11,2697.80,2120.22,39.00,0.14,577.44,21.40%,20200709.xls
澳门六合彩,7,2559.00,968.20,320.00,12.97,1577.83,61.66%,20200709.xls
吉林快3,6,2136.00,2460.11,209.00,12.12,-336.23,-15.74%,20200709.xls
江苏11选5,4,2134.00,2659.25,0.00,0.00,-525.25,-24.61%,20200709.xls
江西11选5,8,2121.00,1422.97,5.00,0.00,698.03,32.91%,20200709.xls
腾讯1.5分彩,3,1920.12,1225.96,0.00,8.20,685.97,35.73%,20200709.xls
森林舞会,3,1895.00,2104.55,0.00,0.00,-209.55,-11.06%,20200709.xls
甘肃快3,5,1498.00,2001.28,0.00,1.50,-504.78,-33.70%,20200709.xls
百家乐,8,1315.00,1229.20,0.00,6.30,79.50,6.05%,20200709.xls
5分彩,2,1007.80,742.89,44.80,2.01,262.90,26.09%,20200709.xls
贵州快3,5,872.00,594.00,3.00,0.75,277.25,31.79%,20200709.xls
万人牛牛,4,837.00,804.04,0.00,0.20,32.76,3.91%,20200709.xls
上海11选5,8,816.40,379.70,33.00,0.00,436.70,53.49%,20200709.xls
百人炸金花,3,790.00,356.40,0.00,0.50,433.10,54.82%,20200709.xls
3分彩,2,747.00,696.96,14.00,0.00,50.04,6.70%,20200709.xls
5分六合,3,646.00,144.06,4.00,1.42,500.52,77.48%,20200709.xls
台湾宾果,1,426.88,493.80,0.00,0.00,-66.92,-15.68%,20200709.xls
百人牛牛,5,410.00,474.00,0.00,9.90,-73.90,-18.02%,20200709.xls
梭哈,5,370.00,335.80,0.00,9.60,24.60,6.65%,20200709.xls
腾讯3分彩,2,345.00,527.31,0.00,0.00,-182.31,-52.84%,20200709.xls
1分幸运28,4,329.00,172.80,0.00,0.00,156.20,47.48%,20200709.xls
射龙门,3,225.00,218.45,0.00,3.05,3.50,1.56%,20200709.xls
10分六合,1,190.00,144.06,0.00,1.90,44.04,23.18%,20200709.xls
决战梭哈,1,185.00,185.00,0.00,0.00,0.00,0.00%,20200709.xls
百人三公,1,120.00,90.00,0.00,10.80,19.20,16.00%,20200709.xls
万人炸金花,1,50.00,118.20,0.00,0.00,-68.20,-136.40%,20200709.xls
传统5分赛车,1,40.00,19.80,0.00,0.00,20.20,50.50%,20200709.xls
腾讯5分彩,1,28.80,0.00,0.00,0.00,28.80,100.00%,20200709.xls
百人牌九,1,10.00,9.90,0.00,0.00,0.10,1.00%,20200709.xls
小计,,7917875.64,7597207.47,133097.24,21582.65,299085.54,3.78%,20200709.xls
1分快3,582,4777722.00,4574001.10,61619.00,12234.60,191486.30,4.01%,20200710.xls
极速快3,143,1437064.00,1377703.29,0.00,2725.33,56635.38,3.94%,20200710.xls
3分快3,88,234163.00,207862.67,9457.00,387.15,25913.19,11.07%,20200710.xls
1分赛车,30,167036.04,160515.74,649.74,236.76,6283.54,3.76%,20200710.xls
1分六合,24,131699.00,125433.76,0.00,114.05,6151.19,4.67%,20200710.xls
欢乐生肖,14,98448.00,96673.50,524.00,0.00,1774.50,1.80%,20200710.xls
5分快3,38,93099.00,79339.27,1048.00,12.10,13747.63,14.77%,20200710.xls
传统1分彩,16,67114.00,67185.55,10146.00,81.88,-153.42,-0.23%,20200710.xls
1分彩,42,60041.74,56342.10,68.70,247.85,3451.79,5.75%,20200710.xls
传统北京赛车,6,57797.00,53397.28,496.00,278.04,4121.68,7.13%,20200710.xls
传统1分赛车,15,51300.00,48340.46,264.00,14.56,2944.98,5.74%,20200710.xls
万人红黑大战,6,48501.00,51535.55,0.00,1.32,-3035.87,-6.26%,20200710.xls
疯狂飞艇,22,46734.94,44346.29,274.40,72.68,2315.97,4.96%,20200710.xls
万人龙虎,16,36755.00,38153.00,320.00,36.65,-1434.65,-3.90%,20200710.xls
腾讯时时彩,26,34404.88,34299.37,360.00,329.53,-224.02,-0.65%,20200710.xls
传统疯狂飞艇,5,31678.00,33460.25,60.00,3.00,-1785.25,-5.64%,20200710.xls
传统欢乐生肖,5,28048.00,32333.77,0.00,144.22,-4429.99,-15.79%,20200710.xls
龙虎斗,25,26875.00,29461.55,60.00,91.38,-2677.93,-9.96%,20200710.xls
百人牛牛,6,21045.00,20245.10,0.00,0.70,799.20,3.80%,20200710.xls
江苏快3,12,13579.00,10679.62,0.00,1.46,2897.92,21.34%,20200710.xls
北京快3,4,12373.00,12411.76,1400.00,0.50,-39.26,-0.32%,20200710.xls
甘肃快3,7,9795.00,11568.34,0.00,1.26,-1774.60,-18.12%,20200710.xls
极速赛车,20,8028.36,8067.06,0.00,8.25,-46.95,-0.58%,20200710.xls
北京赛车,2,7788.00,10539.50,0.00,34.54,-2786.04,-35.77%,20200710.xls
奔驰宝马,6,7700.00,6162.10,0.00,0.20,1537.70,19.97%,20200710.xls
上海快3,5,7189.00,13939.18,32.00,1.54,-6751.72,-93.92%,20200710.xls
1分11选5,15,6825.54,6117.59,214.74,62.70,645.25,9.45%,20200710.xls
六合秒秒,3,6203.00,9477.19,0.00,8.08,-3282.27,-52.91%,20200710.xls
万人牛牛,4,5855.00,5259.27,30.00,0.33,595.40,10.17%,20200710.xls
广西快3,5,5602.00,5199.96,0.00,1.25,400.79,7.15%,20200710.xls
1分幸运28,5,4789.00,4336.05,0.00,0.00,452.95,9.46%,20200710.xls
骰宝,5,4330.00,3653.40,0.00,25.75,650.85,15.03%,20200710.xls
贵州快3,5,4319.00,2651.70,0.00,2.04,1665.26,38.56%,20200710.xls
腾讯1.5分彩,6,4065.12,3995.59,0.00,33.28,36.26,0.89%,20200710.xls
万人射龙门,2,3780.00,2826.00,0.00,0.00,954.00,25.24%,20200710.xls
百家乐,6,3705.00,4254.50,0.00,0.00,-549.50,-14.83%,20200710.xls
3分赛车,9,3451.64,3473.12,0.00,28.11,-49.59,-1.44%,20200710.xls
腾讯3分彩,2,3330.60,2415.40,0.00,0.00,915.20,27.48%,20200710.xls
吉林快3,6,3308.00,3261.65,0.00,27.84,18.51,0.56%,20200710.xls
广东11选5,8,3304.80,3480.87,167.00,1.14,-177.21,-5.36%,20200710.xls
红黑大战,5,2695.00,3027.60,0.00,3.70,-336.30,-12.48%,20200710.xls
湖北快3,5,2565.00,2054.70,0.00,2.75,507.55,19.79%,20200710.xls
河北快3,8,2297.00,4135.56,35.00,4.89,-1843.45,-80.25%,20200710.xls
山东11选5,7,2150.20,1645.66,12.00,0.00,504.55,23.47%,20200710.xls
传统3分赛车,3,2145.00,2166.42,0.00,9.52,-30.94,-1.44%,20200710.xls
森林舞会,3,2135.00,98.20,0.00,0.68,2036.13,95.37%,20200710.xls
5分彩,1,1941.52,2224.53,56.00,0.00,-283.01,-14.58%,20200710.xls
安徽快3,8,1900.00,1726.21,50.00,6.15,167.65,8.82%,20200710.xls
射龙门,5,1295.00,1101.95,0.00,7.20,185.85,14.35%,20200710.xls
澳门六合彩,6,1279.00,919.15,20.00,5.46,354.39,27.71%,20200710.xls
5分赛车,5,1101.24,1231.22,500.00,4.50,-134.48,-12.21%,20200710.xls
5分六合,2,895.00,891.00,18.00,0.00,4.00,0.45%,20200710.xls
上海11选5,8,583.70,827.75,20.00,0.00,-244.05,-41.81%,20200710.xls
秒秒彩,1,582.00,788.00,0.00,0.00,-206.00,-35.40%,20200710.xls
万人百家乐,1,535.00,97.50,0.00,0.00,437.50,81.78%,20200710.xls
江苏11选5,3,466.00,330.28,100.00,0.00,135.72,29.12%,20200710.xls
江西11选5,4,354.60,474.76,0.00,0.00,-120.16,-33.89%,20200710.xls
百人德扑,1,330.00,336.60,0.00,0.00,-6.60,-2.00%,20200710.xls
传统5分赛车,1,320.00,237.60,0.00,0.00,82.40,25.75%,20200710.xls
万人炸金花,1,225.00,0.00,0.00,0.00,225.00,100.00%,20200710.xls
10分六合,3,198.00,117.82,0.00,1.76,78.42,39.61%,20200710.xls
百人炸金花,4,185.00,148.50,0.00,0.40,36.10,19.51%,20200710.xls
梭哈,3,90.00,71.65,0.00,0.50,17.85,19.83%,20200710.xls
百人三公,1,90.00,108.90,0.00,0.00,-18.90,-21.00%,20200710.xls
3分彩,1,21.00,9.90,0.00,0.00,11.10,52.86%,20200710.xls
腾讯5分彩,1,10.00,0.00,0.00,0.00,10.00,100.00%,20200710.xls
传统10分彩,1,6.00,6.53,0.00,0.00,-0.53,-8.83%,20200710.xls
传统10分快3,1,1.00,0.00,0.00,0.00,1.00,100.00%,20200710.xls
小计,,7605242.92,7289177.44,88001.58,17297.58,298767.96,3.93%,20200710.xls
1分快3,597,4826033.00,4602652.55,71542.00,15460.94,207919.52,4.31%,20200711.xls
极速快3,159,1443342.00,1362374.94,0.00,4780.04,76187.03,5.28%,20200711.xls
3分快3,86,277794.00,261321.23,7991.00,281.41,16191.36,5.83%,20200711.xls
龙虎斗,30,157975.00,142991.20,0.00,1150.26,13833.54,8.76%,20200711.xls
1分彩,37,133210.40,127174.88,2954.00,158.77,5876.76,4.41%,20200711.xls
欢乐生肖,16,117971.56,117266.38,1536.00,0.05,705.13,0.60%,20200711.xls
5分快3,35,116278.00,102645.47,1641.00,33.00,13599.54,11.70%,20200711.xls
疯狂飞艇,19,102150.00,95809.51,1752.36,11.85,6328.64,6.20%,20200711.xls
万人红黑大战,5,89771.00,84272.41,0.00,3.99,5494.60,6.12%,20200711.xls
1分六合,22,86097.00,81869.80,45.00,162.30,4064.90,4.72%,20200711.xls
1分赛车,26,81989.42,81104.50,187.00,44.25,840.67,1.03%,20200711.xls
传统1分赛车,9,60809.00,57693.06,2035.00,11.01,3104.93,5.11%,20200711.xls
万人龙虎,13,34170.00,26872.30,40.00,0.00,7297.70,21.36%,20200711.xls
腾讯时时彩,24,32253.48,32617.21,453.48,414.58,-778.30,-2.41%,20200711.xls
传统1分彩,13,32132.00,35560.27,0.00,129.31,-3557.58,-11.07%,20200711.xls
红黑大战,6,31930.00,22819.60,0.00,0.05,9110.35,28.53%,20200711.xls
百家乐,6,30205.00,29529.75,0.00,0.00,675.25,2.24%,20200711.xls
传统北京赛车,7,27188.00,30588.39,522.00,843.72,-4244.11,-15.61%,20200711.xls
腾讯1.5分彩,5,24204.12,25691.67,0.00,46.34,-1533.88,-6.34%,20200711.xls
骰宝,6,20580.00,18176.20,0.00,132.45,2271.35,11.04%,20200711.xls
江苏快3,12,18884.00,12875.37,68.00,12.88,5995.76,31.75%,20200711.xls
北京快3,6,13174.00,12100.49,6.00,2.33,1071.18,8.13%,20200711.xls
六合秒秒,5,12910.00,14130.14,0.00,0.00,-1220.14,-9.45%,20200711.xls
极速赛车,19,11120.02,11559.95,0.00,14.16,-454.09,-4.08%,20200711.xls
3分赛车,10,10620.34,9628.64,3366.20,7.22,984.48,9.27%,20200711.xls
传统欢乐生肖,4,10366.00,18293.07,0.00,97.66,-8024.73,-77.41%,20200711.xls
奔驰宝马,4,9155.00,7623.00,0.00,0.00,1532.00,16.73%,20200711.xls
百人二八杠,1,7800.00,10145.50,0.00,0.00,-2345.50,-30.07%,20200711.xls
1分11选5,15,6968.44,5146.90,62.72,90.98,1730.56,24.83%,20200711.xls
百人牛牛,7,6530.00,6263.15,0.00,0.00,266.85,4.09%,20200711.xls
北京赛车,2,6418.00,1970.00,1.00,32.09,4415.91,68.81%,20200711.xls
广西快3,6,5759.00,6242.83,0.00,18.18,-502.01,-8.72%,20200711.xls
传统疯狂飞艇,2,5181.00,4979.70,0.00,0.00,201.30,3.89%,20200711.xls
上海快3,3,4502.00,1982.96,320.00,16.50,2502.54,55.59%,20200711.xls
吉林快3,7,4471.00,2283.54,384.00,32.12,2155.34,48.21%,20200711.xls
湖北快3,8,4388.00,4340.66,1.00,2.05,45.29,1.03%,20200711.xls
1分幸运28,7,4166.00,3540.39,0.00,0.00,625.61,15.02%,20200711.xls
万人射龙门,1,3060.00,3656.00,0.00,0.00,-596.00,-19.48%,20200711.xls
澳门六合彩,6,2758.00,4351.90,20.00,10.95,-1604.85,-58.19%,20200711.xls
百人炸金花,3,2305.00,1442.70,0.00,19.60,842.70,36.56%,20200711.xls
梭哈,7,1920.00,1679.60,0.00,0.15,240.25,12.51%,20200711.xls
传统3分赛车,2,1885.00,1973.50,0.00,0.28,-88.78,-4.71%,20200711.xls
5分彩,3,1756.60,1063.49,1.00,0.45,692.66,39.43%,20200711.xls
贵州快3,5,1331.00,0.00,5.00,1.00,1330.00,99.92%,20200711.xls
山东11选5,9,1293.30,1390.40,96.00,0.00,-97.10,-7.51%,20200711.xls
台湾宾果,2,1040.64,1187.79,0.00,0.00,-147.15,-14.14%,20200711.xls
万人百家乐,2,990.00,337.50,0.00,0.00,652.50,65.91%,20200711.xls
射龙门,2,655.00,657.25,0.00,6.35,-8.60,-1.31%,20200711.xls
秒秒彩,2,630.00,862.05,0.00,0.00,-232.05,-36.83%,20200711.xls
万人牛牛,4,554.00,486.28,0.00,0.50,67.22,12.13%,20200711.xls
安徽快3,6,537.00,584.53,0.00,1.53,-49.06,-9.14%,20200711.xls
河北快3,3,450.00,237.10,83.00,7.75,205.15,45.59%,20200711.xls
5分赛车,4,412.80,249.56,24.00,2.83,160.41,38.86%,20200711.xls
5分六合,4,380.00,142.89,0.00,0.78,236.33,62.19%,20200711.xls
上海11选5,5,369.20,962.19,0.00,0.00,-592.99,-160.61%,20200711.xls
甘肃快3,3,362.00,198.98,5.00,1.75,161.27,44.55%,20200711.xls
广东11选5,5,224.00,264.93,0.00,0.00,-40.93,-18.27%,20200711.xls
江西11选5,3,150.00,407.29,0.00,0.00,-257.29,-171.53%,20200711.xls
万人炸金花,1,130.00,178.20,0.00,0.00,-48.20,-37.08%,20200711.xls
百人三公,1,125.00,187.15,0.00,0.00,-62.15,-49.72%,20200711.xls
传统10分快3,1,75.00,97.50,0.00,0.75,-23.25,-31.00%,20200711.xls
江苏11选5,3,70.00,206.91,0.00,0.00,-136.91,-195.59%,20200711.xls
3分彩,1,40.00,47.52,0.00,0.00,-7.52,-18.80%,20200711.xls
飞禽走兽,1,40.00,40.00,0.00,0.00,0.00,0.00%,20200711.xls
森林舞会,1,30.00,0.00,0.00,0.00,30.00,100.00%,20200711.xls
腾讯3分彩,1,0.18,0.00,0.00,0.01,0.17,94.44%,20200711.xls
腾讯5分彩,1,0.10,0.36,36.00,0.01,-0.27,-270.00%,20200711.xls
传统10分彩,0,0.00,0.00,15.00,0.00,0.00,0.00%,20200711.xls
传统10分赛车,0,0.00,0.00,65.00,0.00,0.00,0.00%,20200711.xls
六合彩,0,0.00,0.00,20.00,0.00,0.00,0.00%,20200711.xls
小计,,7892069.60,7495031.18,95277.76,24045.18,372993.31,4.73%,20200711.xls
1分快3,591,4977425.00,4706441.60,75973.00,15395.00,255588.40,5.13%,20200712.xls
极速快3,148,1009411.00,976363.07,0.00,869.15,32178.78,3.19%,20200712.xls
3分快3,75,233538.00,222938.03,15522.00,278.95,10321.02,4.42%,20200712.xls
龙虎斗,36,164485.00,157989.60,0.00,1030.48,5464.92,3.32%,20200712.xls
1分六合,18,128783.00,126563.28,330.00,129.78,2089.94,1.62%,20200712.xls
传统1分彩,19,113707.00,109639.21,5997.00,163.62,3904.18,3.43%,20200712.xls
欢乐生肖,14,98367.52,86205.24,1625.60,0.00,12162.28,12.36%,20200712.xls
5分快3,33,95913.00,85232.81,5787.00,63.03,10617.16,11.07%,20200712.xls
疯狂飞艇,24,67424.96,58295.25,799.20,17.20,9112.51,13.52%,20200712.xls
万人红黑大战,7,61833.00,54544.28,535.00,0.03,7288.69,11.79%,20200712.xls
传统1分赛车,13,60725.00,57605.69,0.00,1123.36,1995.95,3.29%,20200712.xls
1分彩,34,57236.94,54153.28,337.80,86.85,2996.81,5.24%,20200712.xls
万人龙虎,19,49250.00,54891.55,120.00,27.91,-5669.46,-11.51%,20200712.xls
北京赛车,4,43335.60,12627.70,7200.00,216.85,30491.05,70.36%,20200712.xls
1分赛车,30,38892.04,39394.73,84.00,19.15,-521.84,-1.34%,20200712.xls
腾讯时时彩,21,23825.52,22174.05,281.20,185.44,1466.04,6.15%,20200712.xls
百人牛牛,9,23550.00,23164.10,0.00,2.50,383.40,1.63%,20200712.xls
传统欢乐生肖,2,21285.00,19850.50,0.00,159.65,1274.86,5.99%,20200712.xls
传统北京赛车,7,17213.00,18262.79,452.00,198.84,-1248.63,-7.25%,20200712.xls
六合秒秒,7,15755.00,18184.53,0.00,1.71,-2431.24,-15.43%,20200712.xls
极速赛车,21,14576.70,12312.19,0.00,30.33,2234.18,15.33%,20200712.xls
百家乐,5,13820.00,12676.50,0.00,0.00,1143.50,8.27%,20200712.xls
江苏快3,10,13039.00,9957.42,30.00,0.00,3081.58,23.63%,20200712.xls
传统疯狂飞艇,6,10330.00,8957.75,0.00,3.32,1368.93,13.25%,20200712.xls
1分11选5,13,9584.54,14027.66,130.60,37.13,-4480.25,-46.74%,20200712.xls
3分赛车,10,9511.50,8852.98,699.60,23.14,635.38,6.68%,20200712.xls
奔驰宝马,5,7280.00,7078.50,0.00,0.00,201.50,2.77%,20200712.xls
腾讯3分彩,3,6963.74,6782.94,0.00,0.00,180.80,2.60%,20200712.xls
广西快3,6,5891.00,5999.61,50.00,1.50,-110.11,-1.87%,20200712.xls
万人射龙门,5,4510.00,3505.20,0.00,0.00,1004.80,22.28%,20200712.xls
红黑大战,7,4120.00,3272.90,0.00,0.00,847.10,20.56%,20200712.xls
5分赛车,8,4092.60,4796.88,0.00,14.84,-719.12,-17.57%,20200712.xls
腾讯1.5分彩,4,3846.48,2481.79,0.00,2.72,1361.97,35.41%,20200712.xls
5分彩,1,3580.08,3448.17,0.00,0.00,131.91,3.68%,20200712.xls
上海快3,5,3543.00,3944.16,16.00,0.50,-401.66,-11.34%,20200712.xls
湖北快3,6,2938.00,3019.50,0.00,0.55,-82.05,-2.79%,20200712.xls
山东11选5,7,2569.40,2562.40,246.00,0.00,7.01,0.27%,20200712.xls
骰宝,10,2565.00,2492.20,0.00,11.70,61.10,2.38%,20200712.xls
广东11选5,7,2178.00,2323.90,14.40,0.00,-145.90,-6.70%,20200712.xls
北京快3,3,2065.00,1589.10,10.00,0.25,475.65,23.03%,20200712.xls
传统3分赛车,3,1887.00,1653.20,0.00,12.96,220.84,11.70%,20200712.xls
安徽快3,9,1858.00,2243.34,0.00,0.75,-386.09,-20.78%,20200712.xls
澳门六合彩,5,1835.00,1359.40,180.00,13.85,461.75,25.16%,20200712.xls
吉林快3,4,1790.00,3141.85,10.00,11.50,-1363.35,-76.16%,20200712.xls
河北快3,9,1237.00,225.72,133.00,7.00,1004.28,81.19%,20200712.xls
上海11选5,8,1024.34,3844.17,0.00,0.00,-2819.83,-275.28%,20200712.xls
江苏11选5,4,750.00,1444.33,120.20,0.00,-694.33,-92.58%,20200712.xls
甘肃快3,3,580.00,277.20,0.00,0.00,302.80,52.21%,20200712.xls
贵州快3,3,577.00,1105.56,0.00,0.00,-528.56,-91.60%,20200712.xls
梭哈,4,520.00,677.10,0.00,0.45,-157.55,-30.30%,20200712.xls
江西11选5,1,480.00,435.60,0.00,0.00,44.40,9.25%,20200712.xls
射龙门,3,470.00,366.05,0.00,4.15,99.80,21.23%,20200712.xls
3分彩,1,468.00,262.66,0.00,0.00,205.34,43.88%,20200712.xls
万人牛牛,4,261.00,221.84,0.00,1.50,37.66,14.43%,20200712.xls
万人炸金花,4,160.00,118.20,0.00,0.38,41.43,25.89%,20200712.xls
台湾宾果,1,159.12,59.26,60.00,0.00,99.86,62.76%,20200712.xls
百人三公,2,155.00,98.50,0.00,0.05,56.45,36.42%,20200712.xls
传统10分赛车,1,150.00,0.00,0.00,0.00,150.00,100.00%,20200712.xls
百人炸金花,1,125.00,118.20,0.00,0.00,6.80,5.44%,20200712.xls
传统5分赛车,1,90.00,178.20,0.00,0.00,-88.20,-98.00%,20200712.xls
万人德扑,2,85.00,99.00,0.00,0.00,-14.00,-16.47%,20200712.xls
万人百家乐,2,85.00,185.00,0.00,0.00,-100.00,-117.65%,20200712.xls
传统10分彩,1,57.00,17.10,0.00,2.28,37.62,66.00%,20200712.xls
百人二八杠,1,55.00,0.00,0.00,0.00,55.00,100.00%,20200712.xls
1分幸运28,4,13.00,0.00,0.00,0.00,13.00,100.00%,20200712.xls
森林舞会,1,10.00,0.00,0.00,0.00,10.00,100.00%,20200712.xls
5分六合,1,8.00,0.00,0.00,0.08,7.92,99.00%,20200712.xls
腾讯5分彩,1,1.26,1.58,0.00,0.00,-0.32,-25.40%,20200712.xls
10分六合,1,1.00,0.00,0.00,0.00,1.00,100.00%,20200712.xls
小计,,7443851.34,7042736.10,116743.60,20150.43,380964.86,5.12%,20200712.xls
1分快3,584,4006076.00,3719260.21,52823.00,11508.66,275307.13,6.87%,20200713.xls
极速快3,140,1233324.00,1160648.79,0.00,650.68,72024.54,5.84%,20200713.xls
3分快3,96,266079.00,272172.67,20118.00,463.16,-6556.83,-2.46%,20200713.xls
万人红黑大战,6,123863.00,121891.72,80.00,0.00,1971.28,1.59%,20200713.xls
1分赛车,27,120827.08,119243.53,456.40,23.31,1560.24,1.29%,20200713.xls
传统1分彩,17,87492.00,82485.13,6747.00,57.71,4949.17,5.66%,20200713.xls
5分快3,41,80722.00,83505.87,767.00,24.03,-2807.90,-3.48%,20200713.xls
传统1分赛车,14,65651.00,60987.64,1936.00,331.12,4332.24,6.60%,20200713.xls
1分六合,15,63226.00,60087.76,0.00,46.50,3091.74,4.89%,20200713.xls
龙虎斗,39,55145.00,53076.05,0.00,91.54,1977.42,3.59%,20200713.xls
疯狂飞艇,19,48796.60,45172.07,878.96,5.32,3619.21,7.42%,20200713.xls
万人龙虎,16,47475.00,40938.40,0.00,26.10,6510.50,13.71%,20200713.xls
1分彩,35,35034.12,33855.98,110.00,50.21,1127.93,3.22%,20200713.xls
欢乐生肖,6,28495.76,11690.32,0.00,0.00,16805.44,58.98%,20200713.xls
北京赛车,5,26953.60,19653.00,2000.00,131.96,7168.64,26.60%,20200713.xls
六合秒秒,6,22523.00,21947.22,0.00,22.79,552.99,2.46%,20200713.xls
腾讯时时彩,23,21948.16,20142.29,13.12,50.20,1755.67,8.00%,20200713.xls
传统北京赛车,6,20327.00,19036.20,495.00,517.56,773.24,3.80%,20200713.xls
极速赛车,18,11456.94,10889.63,0.00,58.82,508.49,4.44%,20200713.xls
传统3分赛车,2,9494.00,10963.26,790.00,0.00,-1469.26,-15.48%,20200713.xls
奔驰宝马,4,9270.00,7004.25,0.00,0.00,2265.75,24.44%,20200713.xls
传统欢乐生肖,2,9057.00,12694.36,1124.00,54.78,-3692.13,-40.77%,20200713.xls
森林舞会,1,8280.00,10342.50,0.00,0.00,-2062.50,-24.91%,20200713.xls
百人牛牛,8,8190.00,7612.50,0.00,0.10,577.40,7.05%,20200713.xls
上海快3,9,7705.00,5326.05,0.00,19.75,2359.20,30.62%,20200713.xls
1分11选5,17,6657.04,7769.63,59.32,92.96,-1205.56,-18.11%,20200713.xls
百家乐,7,6555.00,6193.00,0.00,0.96,361.04,5.51%,20200713.xls
湖北快3,10,6517.00,5775.46,0.00,10.34,731.20,11.22%,20200713.xls
骰宝,10,5035.00,3730.10,0.00,9.40,1295.50,25.73%,20200713.xls
广西快3,10,4647.00,2861.07,0.00,0.14,1785.79,38.43%,20200713.xls
贵州快3,5,4540.00,8098.20,300.00,0.00,-3558.20,-78.37%,20200713.xls
万人射龙门,2,4430.00,5039.90,220.00,0.00,-609.90,-13.77%,20200713.xls
北京快3,6,4269.00,5114.34,544.00,0.05,-845.39,-19.80%,20200713.xls
1分幸运28,4,4018.00,3168.26,0.00,0.00,849.74,21.15%,20200713.xls
腾讯1.5分彩,3,3448.60,3548.55,0.00,3.27,-103.23,-2.99%,20200713.xls
山东11选5,10,3236.20,2116.17,358.00,0.36,1119.68,34.60%,20200713.xls
江西11选5,5,2544.00,3953.07,0.00,0.88,-1409.95,-55.42%,20200713.xls
3分赛车,8,2460.14,1803.92,0.00,15.33,640.89,26.05%,20200713.xls
红黑大战,7,2325.00,1766.05,0.00,2.02,556.93,23.95%,20200713.xls
江苏11选5,6,2131.00,1524.60,54.00,0.00,606.40,28.46%,20200713.xls
广东11选5,7,2020.02,1312.45,0.00,0.28,707.28,35.01%,20200713.xls
吉林快3,8,2005.00,2291.83,229.00,10.57,-297.40,-14.83%,20200713.xls
上海11选5,8,1485.40,980.10,391.80,0.00,505.30,34.02%,20200713.xls
江苏快3,6,1421.00,790.02,0.00,0.00,630.98,44.40%,20200713.xls
河北快3,3,1400.00,1475.10,102.00,0.00,-75.10,-5.36%,20200713.xls
5分赛车,5,1134.00,901.52,0.00,6.75,225.73,19.91%,20200713.xls
甘肃快3,7,1084.00,267.10,40.00,0.10,816.80,75.35%,20200713.xls
射龙门,3,1005.00,956.15,0.00,1.15,47.70,4.75%,20200713.xls
安徽快3,6,889.00,640.69,134.00,0.12,248.20,27.92%,20200713.xls
澳门六合彩,4,751.00,146.70,183.00,2.43,601.87,80.14%,20200713.xls
万人牛牛,5,479.00,647.97,0.00,0.70,-169.67,-35.42%,20200713.xls
腾讯3分彩,1,469.80,131.33,0.00,0.00,338.47,72.05%,20200713.xls
万人炸金花,2,350.00,443.25,0.00,0.00,-93.25,-26.64%,20200713.xls
传统疯狂飞艇,3,278.00,150.10,0.00,5.12,122.78,44.17%,20200713.xls
腾讯5分彩,2,272.00,376.20,0.00,0.00,-104.20,-38.31%,20200713.xls
百人德扑,1,235.00,275.80,0.00,0.00,-40.80,-17.36%,20200713.xls
飞禽走兽,2,215.00,20.00,0.00,0.00,195.00,90.70%,20200713.xls
传统10分快3,1,179.00,0.00,0.00,1.79,177.21,99.00%,20200713.xls
3分彩,1,118.80,394.00,0.00,0.00,-275.20,-231.65%,20200713.xls
百人二八杠,1,110.00,277.20,0.00,0.00,-167.20,-152.00%,20200713.xls
梭哈,1,105.00,110.10,0.00,0.00,-5.10,-4.86%,20200713.xls
百人三公,3,100.00,178.20,0.00,0.00,-78.20,-78.20%,20200713.xls
传统10分赛车,2,53.00,0.00,0.00,0.92,52.08,98.26%,20200713.xls
万人百家乐,1,30.00,60.00,0.00,0.00,-30.00,-100.00%,20200713.xls
传统10分彩,1,24.00,19.00,0.00,0.96,4.04,16.83%,20200713.xls
百人炸金花,1,20.00,0.00,0.00,0.00,20.00,100.00%,20200713.xls
万人德扑,1,15.00,19.70,0.00,0.00,-4.70,-31.33%,20200713.xls
传统5分赛车,2,15.00,9.50,0.00,0.20,5.30,35.33%,20200713.xls
5分六合,1,2.00,0.00,0.00,0.00,2.00,100.00%,20200713.xls
小计,,6496489.26,6085963.73,90953.60,14301.10,396224.46,6.10%,20200713.xls
1分快3,581,3661683.00,3456315.61,50236.00,11714.09,193653.30,5.29%,20200714.xls
极速快3,142,858200.00,814674.28,0.00,1481.83,42043.89,4.90%,20200714.xls
3分快3,95,205602.00,187763.26,5904.00,355.29,17483.45,8.50%,20200714.xls
传统1分彩,18,109223.00,113874.91,0.00,36.07,-4687.98,-4.29%,20200714.xls
1分赛车,35,107167.92,105806.92,351.74,43.04,1317.97,1.23%,20200714.xls
1分彩,32,82832.28,81008.74,1.40,30.13,1793.41,2.17%,20200714.xls
万人红黑大战,8,76985.00,75731.10,410.00,0.12,1253.78,1.63%,20200714.xls
传统1分赛车,16,58210.00,54981.43,2433.00,16.62,3211.95,5.52%,20200714.xls
5分快3,38,54253.00,53712.99,33.00,52.44,487.57,0.90%,20200714.xls
龙虎斗,37,50630.00,60350.15,0.00,47.37,-9767.52,-19.29%,20200714.xls
疯狂飞艇,23,34268.28,31272.41,30.00,8.58,2987.30,8.72%,20200714.xls
腾讯时时彩,20,29109.94,23439.95,12.20,43.39,5626.60,19.33%,20200714.xls
1分六合,21,26486.00,25122.03,0.00,88.35,1275.62,4.82%,20200714.xls
北京赛车,4,24525.88,43012.60,90.00,101.85,-18588.57,-75.79%,20200714.xls
极速赛车,18,19009.10,18230.56,0.00,24.75,753.79,3.97%,20200714.xls
六合秒秒,5,16959.00,14038.81,0.00,3.35,2916.84,17.20%,20200714.xls
万人龙虎,19,14750.00,16517.50,30.00,2.39,-1769.89,-12.00%,20200714.xls
腾讯1.5分彩,5,13385.00,15412.28,0.00,15.71,-2042.98,-15.26%,20200714.xls
传统北京赛车,6,13005.00,11202.36,434.00,348.24,1454.40,11.18%,20200714.xls
传统欢乐生肖,7,11667.00,7583.73,0.00,105.74,3977.53,34.09%,20200714.xls
3分赛车,10,11175.62,11586.89,198.00,11.91,-423.18,-3.79%,20200714.xls
1分11选5,11,7744.96,7780.98,109.20,95.88,-131.90,-1.70%,20200714.xls
百人二八杠,4,7195.00,14479.50,0.00,0.75,-7285.25,-101.25%,20200714.xls
百家乐,7,5825.00,6121.00,0.00,0.00,-296.00,-5.08%,20200714.xls
欢乐生肖,5,5252.38,0.00,0.00,0.00,5252.38,100.00%,20200714.xls
湖北快3,9,4910.00,4894.16,245.00,0.30,15.54,0.32%,20200714.xls
1分幸运28,4,4642.00,4647.13,0.00,0.00,-5.13,-0.11%,20200714.xls
百人牛牛,6,4455.00,3866.50,0.00,0.50,588.00,13.20%,20200714.xls
森林舞会,2,4450.00,4721.60,0.00,0.00,-271.60,-6.10%,20200714.xls
万人射龙门,4,4200.00,2750.05,0.00,0.00,1449.95,34.52%,20200714.xls
上海快3,6,4133.00,561.84,0.00,0.15,3571.01,86.40%,20200714.xls
北京快3,8,3496.00,2434.70,232.00,0.85,1060.45,30.33%,20200714.xls
奔驰宝马,8,3370.00,1268.95,0.00,225.00,1876.05,55.67%,20200714.xls
贵州快3,6,3188.00,1527.56,58.00,0.50,1659.94,52.07%,20200714.xls
腾讯3分彩,2,3078.20,1641.65,0.00,0.00,1436.55,46.67%,20200714.xls
3分彩,5,2989.24,3220.66,0.00,0.40,-231.82,-7.76%,20200714.xls
广西快3,4,2948.00,3646.87,9.00,3.80,-702.67,-23.84%,20200714.xls
甘肃快3,3,2876.00,4724.28,2000.00,0.00,-1848.28,-64.27%,20200714.xls
广东11选5,10,2486.88,3248.78,0.08,0.45,-762.35,-30.65%,20200714.xls
万人牛牛,7,2182.00,2251.82,0.00,7.75,-77.57,-3.55%,20200714.xls
骰宝,9,2160.00,1977.45,0.00,8.18,174.37,8.07%,20200714.xls
江苏11选5,2,2100.00,3484.80,6.60,0.00,-1384.80,-65.94%,20200714.xls
山东11选5,9,2096.00,965.29,84.00,0.19,1130.53,53.94%,20200714.xls
江西11选5,3,1886.60,1241.46,100.00,0.00,645.14,34.20%,20200714.xls
射龙门,6,1875.00,1497.25,0.00,9.90,367.85,19.62%,20200714.xls
上海11选5,6,1803.00,1100.97,30.20,0.00,702.03,38.94%,20200714.xls
吉林快3,5,1741.00,1697.07,400.00,11.84,32.09,1.84%,20200714.xls
红黑大战,9,1570.00,1699.10,0.00,2.72,-131.82,-8.40%,20200714.xls
江苏快3,10,1476.00,1397.83,0.00,0.05,78.12,5.29%,20200714.xls
5分赛车,7,1334.00,1622.34,34.00,7.87,-296.21,-22.20%,20200714.xls
传统3分赛车,1,1124.00,1386.00,0.00,0.00,-262.00,-23.31%,20200714.xls
河北快3,5,1105.00,277.13,18.00,0.04,827.84,74.92%,20200714.xls
澳门六合彩,5,1097.00,828.85,20.00,7.21,260.94,23.79%,20200714.xls
安徽快3,10,845.00,1455.26,138.00,0.29,-610.55,-72.25%,20200714.xls
万人炸金花,4,750.00,531.90,0.00,0.05,218.05,29.07%,20200714.xls
百人炸金花,1,320.00,827.40,0.00,0.00,-507.40,-158.56%,20200714.xls
决战梭哈,2,180.00,199.10,0.00,0.00,-19.10,-10.61%,20200714.xls
梭哈,1,150.00,186.20,0.00,0.00,-36.20,-24.13%,20200714.xls
百人三公,1,80.00,118.20,0.00,0.40,-38.60,-48.25%,20200714.xls
万人百家乐,1,70.00,77.20,0.00,0.00,-7.20,-10.29%,20200714.xls
腾讯5分彩,2,17.00,19.60,0.00,0.10,-2.70,-15.88%,20200714.xls
5分彩,1,10.00,19.60,0.00,0.10,-9.70,-97.00%,20200714.xls
飞禽走兽,1,10.00,0.00,0.00,0.00,10.00,100.00%,20200714.xls
小计,,5582348.28,5318036.54,63647.42,14916.53,249395.26,4.47%,20200714.xls
1分快3,593,4543355.00,4326144.48,46316.00,11567.54,205642.98,4.53%,20200715.xls
极速快3,150,701735.00,674986.37,0.00,1072.17,25676.46,3.66%,20200715.xls
3分快3,90,239135.00,238605.90,11415.00,400.97,128.13,0.05%,20200715.xls
龙虎斗,26,215610.00,195662.60,0.00,469.19,19478.22,9.03%,20200715.xls
传统1分彩,24,170707.00,156238.43,81.00,16.74,14451.84,8.47%,20200715.xls
1分赛车,27,118318.36,110405.61,245.70,11.40,7901.35,6.68%,20200715.xls
欢乐生肖,11,76634.32,79945.80,5000.00,0.00,-3311.48,-4.32%,20200715.xls
5分快3,43,73855.00,69544.29,1009.00,74.11,4236.61,5.74%,20200715.xls
万人红黑大战,7,67816.00,68701.11,80.00,0.00,-885.11,-1.31%,20200715.xls
1分六合,18,61877.00,60913.29,0.00,194.74,768.97,1.24%,20200715.xls
1分彩,32,59121.18,68945.16,0.00,81.62,-9905.60,-16.75%,20200715.xls
传统1分赛车,15,42693.00,45388.87,2836.00,0.74,-2696.61,-6.32%,20200715.xls
万人龙虎,19,38935.00,46770.80,0.00,0.00,-7835.80,-20.13%,20200715.xls
疯狂飞艇,27,31501.36,31520.94,608.40,15.03,-34.60,-0.11%,20200715.xls
传统北京赛车,7,24790.00,23475.78,1051.00,626.16,688.06,2.78%,20200715.xls
北京赛车,7,21192.60,20186.91,0.00,26.33,979.37,4.62%,20200715.xls
江苏快3,15,20075.00,15533.86,0.00,0.00,4541.14,22.62%,20200715.xls
百家乐,4,16465.00,15971.50,0.00,0.00,493.50,3.00%,20200715.xls
百人炸金花,4,15905.00,12414.60,0.00,0.00,3490.40,21.95%,20200715.xls
极速赛车,20,12896.66,12532.96,0.00,22.28,341.42,2.65%,20200715.xls
1分11选5,18,12748.06,14320.69,120.24,63.49,-1636.13,-12.83%,20200715.xls
1分幸运28,4,11152.00,11172.59,0.00,0.00,-20.59,-0.18%,20200715.xls
安徽快3,7,10884.00,12972.96,140.00,0.00,-2088.96,-19.19%,20200715.xls
腾讯3分彩,3,9796.00,9426.78,0.00,0.26,368.97,3.77%,20200715.xls
百人三公,1,9765.00,12824.70,0.00,0.00,-3059.70,-31.33%,20200715.xls
腾讯时时彩,20,9275.62,11400.05,9.00,28.73,-2153.16,-23.21%,20200715.xls
骰宝,6,8065.00,6911.65,0.00,0.00,1153.35,14.30%,20200715.xls
奔驰宝马,6,6630.00,5444.85,0.00,0.15,1185.00,17.87%,20200715.xls
万人牛牛,11,6314.00,7516.10,108.00,17.48,-1219.58,-19.32%,20200715.xls
万人百家乐,2,5535.00,5774.75,0.00,0.00,-239.75,-4.33%,20200715.xls
传统欢乐生肖,6,5500.00,6270.80,0.00,52.15,-822.95,-14.96%,20200715.xls
北京快3,8,5254.00,2450.14,535.00,1.00,2802.86,53.35%,20200715.xls
红黑大战,4,4815.00,4158.50,0.00,0.00,656.50,13.63%,20200715.xls
3分赛车,12,4701.02,4281.76,0.00,5.00,414.26,8.81%,20200715.xls
传统疯狂飞艇,5,4598.00,3770.42,0.00,0.24,827.34,17.99%,20200715.xls
万人射龙门,4,3965.00,3484.25,0.00,0.00,480.75,12.12%,20200715.xls
甘肃快3,3,2657.00,2474.64,0.00,0.00,182.36,6.86%,20200715.xls
万人炸金花,4,2620.00,2452.65,0.00,0.00,167.35,6.39%,20200715.xls
山东11选5,10,2555.68,1843.84,153.20,0.08,711.77,27.85%,20200715.xls
江苏11选5,4,1904.78,1093.81,0.00,0.00,810.97,42.58%,20200715.xls
广东11选5,8,1542.40,1262.75,30.00,0.60,279.06,18.09%,20200715.xls
百人牛牛,3,1305.00,1192.80,0.00,0.00,112.20,8.60%,20200715.xls
万人德扑,1,1300.00,1782.00,0.00,0.00,-482.00,-37.08%,20200715.xls
六合秒秒,3,1223.00,1100.71,0.00,9.15,113.14,9.25%,20200715.xls
澳门六合彩,5,1127.00,1646.25,0.00,6.30,-525.55,-46.63%,20200715.xls
湖北快3,4,988.00,722.70,0.00,0.00,265.30,26.85%,20200715.xls
吉林快3,6,950.00,1676.13,0.00,2.12,-728.25,-76.66%,20200715.xls
5分赛车,5,828.00,987.30,581.00,0.72,-160.02,-19.33%,20200715.xls
上海快3,6,785.00,1712.52,0.00,0.21,-927.73,-118.18%,20200715.xls
射龙门,1,745.00,614.00,0.00,0.00,131.00,17.58%,20200715.xls
森林舞会,3,720.00,729.50,0.00,0.00,-9.50,-1.32%,20200715.xls
贵州快3,6,719.00,573.20,0.00,0.35,145.45,20.23%,20200715.xls
上海11选5,6,620.80,1005.86,60.00,0.00,-385.06,-62.03%,20200715.xls
腾讯1.5分彩,7,465.04,530.70,0.00,2.46,-68.12,-14.65%,20200715.xls
江西11选5,3,337.40,100.19,0.00,0.00,237.21,70.31%,20200715.xls
台湾宾果,1,302.40,306.16,0.00,0.00,-3.76,-1.24%,20200715.xls
广西快3,2,236.00,277.20,0.00,0.00,-41.20,-17.46%,20200715.xls
河北快3,5,223.00,306.18,160.00,0.00,-83.18,-37.30%,20200715.xls
传统10分彩,1,199.00,305.97,0.00,0.00,-106.97,-53.75%,20200715.xls
3分彩,3,162.00,225.12,16.00,0.40,-63.52,-39.21%,20200715.xls
传统3分赛车,2,115.00,109.58,0.00,0.00,5.42,4.71%,20200715.xls
百人二八杠,2,115.00,78.80,0.00,0.02,36.18,31.46%,20200715.xls
传统10分赛车,1,100.00,0.00,0.00,0.00,100.00,100.00%,20200715.xls
5分六合,2,92.00,107.44,0.00,1.10,-16.54,-17.98%,20200715.xls
秒秒彩,1,48.00,0.00,0.00,0.00,48.00,100.00%,20200715.xls
传统5分赛车,3,46.00,39.40,0.00,0.24,6.36,13.83%,20200715.xls
百人德扑,1,30.00,39.40,0.00,0.00,-9.40,-31.33%,20200715.xls
5分彩,1,20.00,19.60,0.00,0.20,0.20,1.00%,20200715.xls
腾讯5分彩,2,17.00,19.60,0.00,0.10,-2.70,-15.88%,20200715.xls
小计,,6696713.68,6421406.25,70554.54,14771.57,260535.93,3.89%,20200715.xls
1分快3,595,5829266.00,5522398.91,76028.00,12559.60,294307.49,5.05%,20200716.xls
极速快3,152,1717416.00,1637325.00,0.00,4934.90,75156.11,4.38%,20200716.xls
3分快3,75,174042.00,174393.36,4438.00,405.14,-756.50,-0.43%,20200716.xls
传统1分赛车,16,163512.00,153829.65,2867.00,3.43,9678.92,5.92%,20200716.xls
龙虎斗,28,113615.00,95725.75,0.00,53.86,17835.39,15.70%,20200716.xls
1分赛车,30,101407.06,97544.21,306.48,16.82,3846.03,3.79%,20200716.xls
万人龙虎,20,101225.00,95609.90,0.00,132.35,5482.75,5.42%,20200716.xls
欢乐生肖,13,96330.46,97554.60,1.92,0.00,-1224.14,-1.27%,20200716.xls
传统1分彩,22,78319.00,73845.50,12291.00,265.78,4207.72,5.37%,20200716.xls
1分彩,24,73872.74,71357.07,4.00,13.72,2501.95,3.39%,20200716.xls
1分六合,24,50492.00,50091.08,20.00,232.37,168.54,0.33%,20200716.xls
5分快3,40,42997.00,42719.34,694.00,65.14,212.52,0.49%,20200716.xls
传统北京赛车,6,34541.00,35779.60,999.00,1047.03,-2285.63,-6.62%,20200716.xls
疯狂飞艇,23,34333.94,34780.69,81.40,52.58,-499.33,-1.45%,20200716.xls
森林舞会,2,31975.00,24434.00,0.00,0.00,7541.00,23.58%,20200716.xls
万人红黑大战,4,20671.00,28965.42,0.00,0.00,-8294.42,-40.13%,20200716.xls
腾讯时时彩,23,16158.12,14310.13,15.20,36.67,1811.33,11.21%,20200716.xls
百人炸金花,6,16130.00,11937.00,0.00,4.50,4188.50,25.97%,20200716.xls
百家乐,6,14115.00,10987.55,0.00,0.00,3127.45,22.16%,20200716.xls
1分11选5,15,13787.46,15553.89,100.42,12.13,-1778.56,-12.90%,20200716.xls
1分幸运28,4,12680.00,11832.18,0.00,0.00,847.82,6.69%,20200716.xls
北京赛车,9,11229.04,11766.92,0.00,64.38,-602.26,-5.36%,20200716.xls
极速赛车,19,10458.60,10421.95,0.00,54.16,-17.52,-0.17%,20200716.xls
百人二八杠,1,9770.00,9456.00,0.00,0.00,314.00,3.21%,20200716.xls
奔驰宝马,3,8790.00,6728.00,0.00,24.90,2037.10,23.18%,20200716.xls
梭哈,4,8435.00,7162.30,0.00,0.00,1272.70,15.09%,20200716.xls
北京快3,7,7823.00,11924.82,1.00,31.59,-4133.41,-52.84%,20200716.xls
传统疯狂飞艇,4,7617.00,8133.12,0.00,0.36,-516.48,-6.78%,20200716.xls
传统欢乐生肖,6,7139.00,8531.61,0.00,48.47,-1441.08,-20.19%,20200716.xls
腾讯3分彩,3,6070.60,6430.44,0.00,0.40,-360.24,-5.93%,20200716.xls
百人牛牛,9,6025.00,6135.90,0.00,1.70,-112.60,-1.87%,20200716.xls
百人三公,1,5365.00,3772.55,0.00,0.00,1592.45,29.68%,20200716.xls
万人牛牛,12,5350.00,4457.62,0.00,8.80,883.58,16.52%,20200716.xls
腾讯1.5分彩,4,3872.34,5190.57,0.00,0.10,-1318.33,-34.04%,20200716.xls
湖北快3,6,3782.00,3784.74,0.00,2.50,-5.24,-0.14%,20200716.xls
江苏快3,11,3759.00,1709.72,0.00,4.00,2045.28,54.41%,20200716.xls
万人射龙门,4,3250.00,1750.90,200.00,0.00,1499.10,46.13%,20200716.xls
骰宝,3,3145.00,3221.40,0.00,0.10,-76.50,-2.43%,20200716.xls
万人炸金花,4,2610.00,2039.10,0.00,0.20,570.70,21.87%,20200716.xls
红黑大战,4,2525.00,1533.90,0.00,0.50,990.60,39.23%,20200716.xls
广西快3,6,2377.00,2589.26,0.00,8.50,-220.76,-9.29%,20200716.xls
上海快3,5,2241.00,3142.45,66.00,8.00,-909.45,-40.58%,20200716.xls
六合秒秒,2,1947.00,1958.91,0.00,16.34,-28.25,-1.45%,20200716.xls
安徽快3,6,1698.00,2089.84,50.00,3.50,-395.34,-23.28%,20200716.xls
山东11选5,7,1682.20,1050.28,96.00,0.00,631.92,37.57%,20200716.xls
5分赛车,3,1602.00,1719.28,0.00,13.36,-130.64,-8.15%,20200716.xls
3分赛车,4,1590.94,1858.66,0.00,0.28,-268.00,-16.85%,20200716.xls
广东11选5,6,1412.80,1470.09,0.00,0.00,-57.29,-4.06%,20200716.xls
贵州快3,3,1348.00,591.00,0.00,3.50,753.50,55.90%,20200716.xls
万人德扑,1,1200.00,1188.00,0.00,0.00,12.00,1.00%,20200716.xls
上海11选5,4,1174.00,1610.99,66.00,0.00,-436.99,-37.22%,20200716.xls
河北快3,4,1164.00,1215.72,10.00,1.00,-52.72,-4.53%,20200716.xls
吉林快3,7,943.00,905.58,0.00,6.06,31.36,3.33%,20200716.xls
传统3分赛车,4,794.00,480.92,0.00,10.52,302.56,38.11%,20200716.xls
澳门六合彩,4,735.00,726.95,89.00,3.89,4.16,0.57%,20200716.xls
江西11选5,3,574.00,653.31,28.00,0.00,-79.31,-13.82%,20200716.xls
江苏11选5,4,553.00,3005.64,0.00,0.00,-2452.64,-443.52%,20200716.xls
万人百家乐,2,435.00,520.75,0.00,0.00,-85.75,-19.71%,20200716.xls
甘肃快3,1,400.00,0.00,0.00,2.00,398.00,99.50%,20200716.xls
腾讯5分彩,2,350.28,0.40,0.00,0.00,349.88,99.89%,20200716.xls
决战梭哈,2,280.00,151.35,0.00,0.00,128.65,45.95%,20200716.xls
百人德扑,1,235.00,216.70,0.00,0.00,18.30,7.79%,20200716.xls
飞禽走兽,1,220.00,360.00,0.00,0.00,-140.00,-63.64%,20200716.xls
5分六合,1,142.00,96.04,0.00,1.42,44.54,31.37%,20200716.xls
5分彩,1,140.00,168.30,11.20,0.00,-28.30,-20.21%,20200716.xls
传统10分彩,2,136.00,230.44,0.00,0.56,-95.00,-69.85%,20200716.xls
射龙门,1,100.00,127.40,0.00,1.00,-28.40,-28.40%,20200716.xls
秒秒彩,2,76.00,0.00,0.00,0.00,76.00,100.00%,20200716.xls
传统5分赛车,1,42.00,62.70,0.00,1.68,-22.38,-53.29%,20200716.xls
传统澳洲幸运10,2,39.00,17.82,0.00,0.00,21.18,54.31%,20200716.xls
小计,,8879532.58,8443335.17,98463.62,20159.79,416037.62,4.69%,20200716.xls
1分快3,586,3962417.00,3787618.37,80025.00,7500.93,167297.71,4.22%,20200717.xls
极速快3,140,1008519.00,965700.07,0.00,2352.82,40466.11,4.01%,20200717.xls
龙虎斗,26,211220.00,214388.10,2300.00,184.64,-3352.74,-1.59%,20200717.xls
传统1分彩,16,120181.00,111400.63,870.00,30.31,8750.06,7.28%,20200717.xls
极速赛车,18,117862.30,111287.44,0.00,561.82,6013.04,5.10%,20200717.xls
3分快3,70,93528.00,93561.97,245.00,132.53,-166.50,-0.18%,20200717.xls
欢乐生肖,13,83505.96,77776.37,5.60,0.00,5729.59,6.86%,20200717.xls
1分赛车,25,73097.18,70622.21,477.64,35.48,2439.50,3.34%,20200717.xls
传统1分赛车,14,71631.00,66961.50,1521.00,13.60,4655.90,6.50%,20200717.xls
1分六合,17,58506.00,56123.33,0.00,217.45,2165.22,3.70%,20200717.xls
万人红黑大战,7,50308.00,45634.05,0.00,1.00,4672.95,9.29%,20200717.xls
万人龙虎,19,39530.00,36123.85,10.00,3.10,3403.05,8.61%,20200717.xls
1分11选5,13,35323.32,37642.00,94.88,148.97,-2467.64,-6.99%,20200717.xls
腾讯时时彩,18,32458.56,29208.78,272.60,32.17,3217.61,9.91%,20200717.xls
传统北京赛车,5,28842.00,26083.35,1812.00,1026.00,1732.65,6.01%,20200717.xls
5分快3,30,28658.00,25000.58,14294.00,26.45,3630.97,12.67%,20200717.xls
疯狂飞艇,15,22553.90,24732.02,200.00,41.69,-2219.81,-9.84%,20200717.xls
森林舞会,4,19565.00,20119.25,0.00,0.00,-554.25,-2.83%,20200717.xls
山东11选5,9,16657.80,16257.77,1330.00,1.60,398.44,2.39%,20200717.xls
上海11选5,4,14788.10,17693.81,1960.00,0.00,-2905.71,-19.65%,20200717.xls
江苏11选5,5,14398.12,14959.28,720.00,0.00,-561.16,-3.90%,20200717.xls
奔驰宝马,5,14320.00,13290.75,0.00,0.00,1029.25,7.19%,20200717.xls
江苏快3,8,13284.00,13743.90,0.00,4.50,-464.40,-3.50%,20200717.xls
广东11选5,6,13082.40,12798.30,1340.00,1.32,282.78,2.16%,20200717.xls
江西11选5,3,12770.00,10114.87,1100.00,0.00,2655.13,20.79%,20200717.xls
1分彩,23,9699.36,10366.46,0.00,1.34,-668.44,-6.89%,20200717.xls
北京赛车,3,9215.00,13783.80,300.00,22.65,-4591.45,-49.83%,20200717.xls
腾讯1.5分彩,4,9004.14,5940.00,0.00,0.01,3064.13,34.03%,20200717.xls
腾讯3分彩,4,7699.30,8268.55,300.30,0.18,-569.43,-7.40%,20200717.xls
百人牛牛,4,6820.00,6237.00,0.00,0.00,583.00,8.55%,20200717.xls
传统疯狂飞艇,3,5024.00,6693.82,0.00,0.00,-1669.82,-33.24%,20200717.xls
红黑大战,4,4490.00,4888.30,0.00,0.48,-398.78,-8.88%,20200717.xls
湖北快3,4,4137.00,3961.98,0.00,3.25,171.77,4.15%,20200717.xls
万人百家乐,2,3895.00,3085.00,0.00,0.00,810.00,20.80%,20200717.xls
腾讯5分彩,5,3789.88,4341.31,553.80,1.69,-553.12,-14.59%,20200717.xls
北京快3,7,3729.00,1976.48,0.00,5.50,1747.02,46.85%,20200717.xls
传统欢乐生肖,5,3587.00,5957.79,0.00,22.75,-2393.54,-66.73%,20200717.xls
万人牛牛,5,3387.00,2981.76,0.00,0.45,404.79,11.95%,20200717.xls
六合秒秒,2,3357.00,3555.99,0.00,31.83,-230.82,-6.88%,20200717.xls
骰宝,4,3290.00,3348.25,0.00,0.00,-58.25,-1.77%,20200717.xls
万人射龙门,2,2620.00,2679.80,0.00,0.00,-59.80,-2.28%,20200717.xls
安徽快3,5,2134.00,1526.58,10.00,0.00,607.42,28.46%,20200717.xls
河北快3,6,1844.00,1611.28,3.00,8.93,223.79,12.14%,20200717.xls
5分彩,2,1832.70,1805.09,0.30,0.01,27.60,1.51%,20200717.xls
百家乐,5,1765.00,1691.00,0.00,0.00,74.00,4.19%,20200717.xls
贵州快3,3,1359.00,1491.86,0.00,6.50,-139.36,-10.25%,20200717.xls
百人炸金花,2,985.00,683.10,0.00,0.00,301.90,30.65%,20200717.xls
万人炸金花,4,680.00,649.50,0.00,0.30,30.20,4.44%,20200717.xls
吉林快3,3,611.00,689.45,0.00,3.76,-82.21,-13.45%,20200717.xls
万人德扑,1,600.00,1188.00,0.00,0.00,-588.00,-98.00%,20200717.xls
1分幸运28,2,573.00,447.65,0.00,0.00,125.35,21.88%,20200717.xls
百人三公,1,510.00,693.00,0.00,0.00,-183.00,-35.88%,20200717.xls
台湾宾果,1,486.96,532.65,0.00,0.00,-45.69,-9.38%,20200717.xls
梭哈,3,470.00,379.55,0.00,1.55,88.90,18.91%,20200717.xls
澳门六合彩,6,395.00,586.80,20.00,2.17,-193.97,-49.11%,20200717.xls
3分赛车,5,351.14,388.64,0.00,3.16,-40.66,-11.58%,20200717.xls
广西快3,4,345.00,49.50,0.00,1.25,294.25,85.29%,20200717.xls
5分赛车,2,221.60,251.46,0.00,0.00,-29.86,-13.47%,20200717.xls
射龙门,1,210.00,245.85,0.00,2.10,-37.95,-18.07%,20200717.xls
飞禽走兽,1,165.00,220.00,0.00,0.00,-55.00,-33.33%,20200717.xls
甘肃快3,2,155.00,305.40,0.00,0.75,-151.15,-97.52%,20200717.xls
传统10分彩,1,125.00,578.20,0.00,0.00,-453.20,-362.56%,20200717.xls
上海快3,4,106.00,204.74,10.00,0.59,-99.33,-93.71%,20200717.xls
决战梭哈,1,70.00,0.00,0.00,0.00,70.00,100.00%,20200717.xls
5分六合,1,17.00,8.76,0.00,0.00,8.24,48.47%,20200717.xls
传统10分快3,1,2.00,7.13,0.00,0.00,-5.13,-256.50%,20200717.xls
小计,,6256763.72,6003144.03,109775.12,12437.58,241182.15,3.85%,20200717.xls
1分快3,570,4388474.00,3966584.19,72517.00,6463.18,415426.63,9.47%,20200718.xls
极速快3,147,1721956.00,1615067.90,0.00,1374.50,105513.61,6.13%,20200718.xls
龙虎斗,31,208980.00,222262.80,220.00,716.18,-13998.98,-6.70%,20200718.xls
3分快3,68,110668.00,110287.92,2826.00,90.93,289.15,0.26%,20200718.xls
欢乐生肖,14,102860.76,96416.10,0.00,0.00,6444.66,6.27%,20200718.xls
传统1分赛车,11,96506.00,89019.10,6901.00,37.23,7449.67,7.72%,20200718.xls
1分赛车,22,84875.46,80860.45,1183.92,10.08,4004.93,4.72%,20200718.xls
万人红黑大战,11,80397.00,80851.30,0.00,6.78,-461.08,-0.57%,20200718.xls
1分彩,24,60238.70,55783.30,17.20,62.15,4393.25,7.29%,20200718.xls
5分快3,35,58040.00,58062.14,233.00,80.49,-102.63,-0.18%,20200718.xls
腾讯时时彩,26,37845.14,34701.50,23.48,105.29,3038.35,8.03%,20200718.xls
传统北京赛车,7,32251.00,20409.05,2449.00,950.70,10891.25,33.77%,20200718.xls
万人龙虎,18,31685.00,30539.35,0.00,0.00,1145.65,3.62%,20200718.xls
极速赛车,15,28501.44,27976.73,0.00,258.09,266.62,0.94%,20200718.xls
疯狂飞艇,18,27888.00,24961.24,214.40,112.62,2814.14,10.09%,20200718.xls
1分六合,17,26023.00,23394.37,6.00,97.39,2531.24,9.73%,20200718.xls
1分11选5,16,25384.24,25525.64,234.40,71.16,-212.56,-0.84%,20200718.xls
传统1分彩,19,22223.00,20162.58,1211.00,110.66,1949.76,8.77%,20200718.xls
万人百家乐,3,18365.00,19419.50,0.00,0.00,-1054.50,-5.74%,20200718.xls
1分幸运28,4,17373.00,16639.09,24.00,0.00,733.91,4.22%,20200718.xls
北京赛车,6,17218.40,14787.78,300.00,22.60,2408.02,13.99%,20200718.xls
百人牛牛,10,11975.00,12107.10,0.00,0.00,-132.10,-1.10%,20200718.xls
百家乐,8,11475.00,12167.75,0.00,0.00,-692.75,-6.04%,20200718.xls
奔驰宝马,7,9805.00,10097.70,0.00,1.00,-293.70,-3.00%,20200718.xls
山东11选5,12,9738.68,9904.13,48.00,0.91,-166.36,-1.71%,20200718.xls
广东11选5,9,9207.40,8649.92,300.00,1.53,555.95,6.04%,20200718.xls
飞禽走兽,2,8620.00,7521.40,0.00,160.40,938.20,10.88%,20200718.xls
江苏11选5,6,8548.32,11191.64,400.00,3.86,-2647.18,-30.97%,20200718.xls
江苏快3,12,8315.00,6634.48,664.00,4.10,1676.42,20.16%,20200718.xls
腾讯1.5分彩,8,7798.24,7435.96,0.00,63.24,299.04,3.83%,20200718.xls
上海11选5,5,7044.80,9012.58,1408.00,0.00,-1967.78,-27.93%,20200718.xls
上海快3,4,6450.00,8913.31,0.00,28.14,-2491.45,-38.63%,20200718.xls
万人射龙门,3,6270.00,5872.25,0.00,0.00,397.75,6.34%,20200718.xls
江西11选5,7,5918.20,4940.22,0.00,0.00,977.98,16.52%,20200718.xls
传统疯狂飞艇,5,5225.00,6929.94,0.00,0.28,-1705.22,-32.64%,20200718.xls
百人二八杠,4,4920.00,4986.60,0.00,0.00,-66.60,-1.35%,20200718.xls
万人炸金花,7,4430.00,4439.70,0.00,41.20,-50.90,-1.15%,20200718.xls
传统欢乐生肖,3,4131.00,7651.48,0.00,20.66,-3541.14,-85.72%,20200718.xls
万人牛牛,6,3533.00,3539.14,0.00,45.40,-51.54,-1.46%,20200718.xls
北京快3,6,3397.00,1927.05,0.00,1.10,1468.85,43.24%,20200718.xls
六合秒秒,4,3001.00,2919.20,0.00,27.33,54.47,1.82%,20200718.xls
湖北快3,6,2628.00,3032.34,0.00,4.00,-408.34,-15.54%,20200718.xls
万人德扑,2,2460.00,1663.20,0.00,0.00,796.80,32.39%,20200718.xls
广西快3,2,2337.00,1565.16,0.00,7.50,764.34,32.71%,20200718.xls
百人三公,2,1885.00,1310.05,0.00,0.00,574.95,30.50%,20200718.xls
腾讯3分彩,5,1801.86,2276.95,0.00,4.52,-479.61,-26.62%,20200718.xls
安徽快3,3,1745.00,2690.80,34.00,2.00,-947.80,-54.32%,20200718.xls
森林舞会,3,1680.00,446.95,0.00,0.05,1233.00,73.39%,20200718.xls
传统3分赛车,2,1618.00,1704.96,320.00,8.80,-95.76,-5.92%,20200718.xls
骰宝,4,1475.00,493.30,0.00,0.10,981.60,66.55%,20200718.xls
吉林快3,7,1196.00,335.03,0.00,1.03,859.94,71.90%,20200718.xls
河北快3,4,1155.00,1312.68,200.00,4.50,-162.18,-14.04%,20200718.xls
红黑大战,7,1120.00,721.05,0.00,0.00,398.95,35.62%,20200718.xls
澳门六合彩,4,998.00,2713.90,160.00,8.62,-1724.52,-172.80%,20200718.xls
甘肃快3,3,870.00,403.85,0.00,1.50,464.65,53.41%,20200718.xls
百人炸金花,5,775.00,475.20,0.00,0.00,299.80,38.68%,20200718.xls
3分赛车,5,759.74,494.78,15.00,1.68,263.28,34.65%,20200718.xls
百人德扑,2,640.00,613.80,0.00,0.00,26.20,4.09%,20200718.xls
幸运28,1,620.00,576.00,0.00,0.00,44.00,7.10%,20200718.xls
台湾宾果,1,468.80,218.59,0.00,0.00,250.21,53.37%,20200718.xls
贵州快3,2,305.00,9.90,5.00,1.50,293.60,96.26%,20200718.xls
传统10分快3,2,304.00,390.00,0.00,3.00,-89.00,-29.28%,20200718.xls
腾讯5分彩,3,299.00,0.00,0.00,0.00,299.00,100.00%,20200718.xls
3分彩,1,238.00,336.60,0.00,0.00,-98.60,-41.43%,20200718.xls
5分赛车,3,236.00,177.64,15.00,3.72,54.64,23.15%,20200718.xls
5分彩,1,180.32,151.80,0.00,0.00,28.52,15.82%,20200718.xls
射龙门,2,150.00,122.00,0.00,0.90,27.10,18.07%,20200718.xls
秒秒彩,1,82.00,0.00,0.00,0.00,82.00,100.00%,20200718.xls
梭哈,3,75.00,44.90,0.00,0.00,30.10,40.13%,20200718.xls
传统10分彩,2,72.00,42.58,70.00,1.56,27.86,38.69%,20200718.xls
5分六合,1,64.00,89.30,0.00,2.56,-27.86,-43.53%,20200718.xls
传统澳洲幸运10,1,15.00,28.50,0.00,0.60,-14.10,-94.00%,20200718.xls
小计,,7365808.50,6804995.39,91999.40,11027.32,549785.80,7.46%,20200718.xls
1分快3,563,6328399.00,5762937.19,97380.00,10252.91,555208.90,8.77%,20200719.xls
极速快3,136,2273191.00,2134837.64,0.00,1709.70,136643.65,6.01%,20200719.xls
3分快3,76,320830.00,285341.55,1068.00,14.44,35474.02,11.06%,20200719.xls
龙虎斗,32,185840.00,170177.00,0.00,1495.99,14167.02,7.62%,20200719.xls
5分快3,31,162527.00,154518.14,2518.00,47.58,7961.28,4.90%,20200719.xls
1分赛车,29,108311.78,103546.67,444.80,11.75,4753.36,4.39%,20200719.xls
欢乐生肖,12,80365.76,91474.02,0.00,0.00,-11108.26,-13.82%,20200719.xls
万人红黑大战,7,75002.00,75138.87,100.00,7.09,-143.96,-0.19%,20200719.xls
万人龙虎,16,45995.00,43728.00,0.00,0.00,2267.00,4.93%,20200719.xls
疯狂飞艇,24,45700.28,45519.90,1439.28,64.83,115.55,0.25%,20200719.xls
腾讯时时彩,21,37437.00,40057.79,214.26,43.26,-2664.05,-7.12%,20200719.xls
1分11选5,14,36910.72,33843.56,222.30,18.07,3049.09,8.26%,20200719.xls
传统1分彩,22,28265.00,27938.20,0.00,27.84,298.96,1.06%,20200719.xls
传统1分赛车,9,27840.00,25996.45,5667.00,1.00,1842.55,6.62%,20200719.xls
1分彩,24,26047.98,24730.64,0.00,54.96,1262.38,4.85%,20200719.xls
1分六合,18,22548.00,29603.80,0.00,59.15,-7114.95,-31.55%,20200719.xls
传统欢乐生肖,4,21223.00,16737.12,0.00,19.30,4466.59,21.05%,20200719.xls
极速赛车,18,16118.58,15707.32,0.00,56.16,355.10,2.20%,20200719.xls
传统北京赛车,7,14301.00,16531.50,911.00,266.04,-2496.54,-17.46%,20200719.xls
江苏快3,8,13571.00,8609.00,0.00,7.50,4954.50,36.51%,20200719.xls
森林舞会,3,10045.00,10428.20,0.00,0.00,-383.20,-3.81%,20200719.xls
万人德扑,2,10000.00,10637.70,35.00,0.00,-637.70,-6.38%,20200719.xls
腾讯1.5分彩,4,9368.32,9127.33,500.00,11.06,229.93,2.45%,20200719.xls
骰宝,8,8615.00,9511.05,0.00,12.45,-908.50,-10.55%,20200719.xls
北京赛车,5,8369.00,13414.86,0.00,2.90,-5048.76,-60.33%,20200719.xls
传统疯狂飞艇,4,7524.00,7098.80,0.00,0.00,425.21,5.65%,20200719.xls
广东11选5,7,7261.20,6789.12,578.00,0.00,472.09,6.50%,20200719.xls
山东11选5,8,7233.00,7361.50,1796.00,0.00,-128.50,-1.78%,20200719.xls
百家乐,8,7095.00,6738.50,0.00,0.00,356.50,5.02%,20200719.xls
奔驰宝马,3,6680.00,3019.50,0.00,0.00,3660.50,54.80%,20200719.xls
江苏11选5,4,6496.00,5387.71,856.00,0.00,1108.29,17.06%,20200719.xls
上海11选5,4,5010.00,6183.91,1860.00,0.00,-1173.91,-23.43%,20200719.xls
北京快3,7,4583.00,2810.60,0.00,1.87,1770.53,38.63%,20200719.xls
江西11选5,3,4430.00,4096.08,376.00,0.00,333.92,7.54%,20200719.xls
5分彩,1,3963.14,3293.39,168.00,0.00,669.75,16.90%,20200719.xls
湖北快3,7,3928.00,3396.62,12.00,3.50,527.88,13.44%,20200719.xls
3分赛车,12,3677.06,4239.36,385.20,1.20,-563.50,-15.32%,20200719.xls
六合秒秒,3,3160.00,3386.91,0.00,30.84,-257.75,-8.16%,20200719.xls
上海快3,5,2860.00,3979.60,0.00,13.50,-1133.10,-39.62%,20200719.xls
吉林快3,5,2697.00,1396.87,0.00,3.89,1296.24,48.06%,20200719.xls
安徽快3,6,2535.00,3480.34,20.00,1.50,-946.84,-37.35%,20200719.xls
腾讯3分彩,5,2425.88,2079.00,350.00,0.01,346.87,14.30%,20200719.xls
万人炸金花,2,2355.00,2764.50,0.00,93.00,-502.50,-21.34%,20200719.xls
腾讯5分彩,3,2055.20,1306.80,304.40,1.84,746.56,36.33%,20200719.xls
万人牛牛,6,1912.00,1597.05,0.00,0.28,314.67,16.46%,20200719.xls
广西快3,7,1620.00,1795.82,0.00,3.50,-179.32,-11.07%,20200719.xls
百人牛牛,9,1235.00,1322.90,0.00,1.60,-89.50,-7.25%,20200719.xls
万人百家乐,2,1230.00,15.00,0.00,0.00,1215.00,98.78%,20200719.xls
台湾宾果,1,1131.92,1231.54,0.00,0.00,-99.62,-8.80%,20200719.xls
河北快3,4,792.00,4625.28,2.00,0.00,-3833.28,-484.00%,20200719.xls
百人三公,2,760.00,443.65,0.00,0.00,316.35,41.63%,20200719.xls
甘肃快3,6,753.00,791.98,0.00,2.25,-41.23,-5.48%,20200719.xls
红黑大战,5,670.00,871.60,0.00,0.15,-201.75,-30.11%,20200719.xls
百人德扑,1,620.00,19.80,0.00,0.00,600.20,96.81%,20200719.xls
射龙门,1,430.00,244.00,0.00,4.30,181.70,42.26%,20200719.xls
澳门六合彩,4,428.00,0.00,0.00,2.05,425.95,99.52%,20200719.xls
3分彩,1,337.60,275.80,0.00,0.00,61.80,18.31%,20200719.xls
贵州快3,1,300.00,197.00,0.00,1.50,101.50,33.83%,20200719.xls
秒秒彩,4,256.00,393.90,0.00,1.20,-139.10,-54.34%,20200719.xls
1分幸运28,5,210.00,151.94,0.00,0.00,58.06,27.65%,20200719.xls
百人牌九,1,210.00,217.65,0.00,0.00,-7.65,-3.64%,20200719.xls
5分赛车,4,203.40,233.64,0.00,0.00,-30.24,-14.87%,20200719.xls
传统3分赛车,2,153.00,95.04,0.00,0.00,57.96,37.88%,20200719.xls
飞禽走兽,2,150.00,20.00,0.00,0.00,130.00,86.67%,20200719.xls
万人射龙门,3,135.00,67.70,0.00,0.00,67.30,49.85%,20200719.xls
传统10分彩,2,114.00,90.22,2.00,0.00,23.78,20.86%,20200719.xls
传统5分赛车,2,71.00,46.08,0.00,0.70,24.22,34.11%,20200719.xls
10分六合,1,63.00,79.20,0.00,0.00,-16.20,-25.71%,20200719.xls
百人炸金花,1,20.00,59.40,0.00,0.00,-39.40,-197.00%,20200719.xls
传统10分赛车,1,17.00,15.84,0.00,0.00,1.16,6.82%,20200719.xls
梭哈,1,5.00,7.20,0.00,0.00,-2.20,-44.00%,20200719.xls
传统10分快3,1,1.00,0.00,0.00,0.00,1.00,100.00%,20200719.xls
传统澳洲幸运10,1,1.00,1.98,0.00,0.00,-0.98,-98.00%,20200719.xls
小计,,10016618.82,9253813.82,117209.24,14352.66,748452.38,7.47%,20200719.xls
1分快3,571,5008669.00,4689512.43,47318.00,10924.00,308232.57,6.15%,20200720.xls
极速快3,131,809901.00,767096.63,0.00,750.20,42054.17,5.19%,20200720.xls
3分快3,83,293253.00,295030.07,4192.00,89.65,-1866.72,-0.64%,20200720.xls
5分快3,34,149262.00,144093.84,783.00,76.91,5091.25,3.41%,20200720.xls
龙虎斗,32,145320.00,138820.20,1200.00,538.00,5961.80,4.10%,20200720.xls
极速赛车,16,82943.64,73930.52,0.00,689.07,8324.05,10.04%,20200720.xls
1分赛车,25,70469.72,72242.76,198.00,1.60,-1774.64,-2.52%,20200720.xls
疯狂飞艇,22,56877.30,55134.06,1282.16,53.90,1689.34,2.97%,20200720.xls
腾讯时时彩,17,54251.00,54690.53,219.68,159.40,-598.92,-1.10%,20200720.xls
1分六合,21,51068.00,52540.79,23.00,266.44,-1739.23,-3.41%,20200720.xls
万人龙虎,15,40880.00,44280.95,0.00,0.00,-3400.95,-8.32%,20200720.xls
传统1分彩,21,27699.00,25804.00,2.00,37.60,1857.41,6.71%,20200720.xls
传统1分赛车,11,25852.00,25049.74,7392.00,5.72,796.54,3.08%,20200720.xls
万人德扑,2,21275.00,20526.60,35.00,0.00,748.40,3.52%,20200720.xls
1分彩,23,19472.64,21194.66,0.00,80.55,-1802.57,-9.26%,20200720.xls
万人红黑大战,7,17922.00,15414.90,0.00,0.00,2507.10,13.99%,20200720.xls
山东11选5,6,17883.40,16407.84,1638.00,0.00,1475.56,8.25%,20200720.xls
广东11选5,8,15574.36,15236.33,1103.20,0.00,338.03,2.17%,20200720.xls
上海11选5,6,13041.00,11231.41,600.00,0.00,1809.59,13.88%,20200720.xls
江西11选5,4,12572.00,12362.58,1276.00,0.00,209.42,1.67%,20200720.xls
江苏11选5,5,12238.56,12621.05,960.00,0.00,-382.49,-3.13%,20200720.xls
传统北京赛车,5,11289.00,15805.65,693.00,117.72,-4634.37,-41.05%,20200720.xls
北京赛车,3,10092.00,13226.72,0.00,30.88,-3165.60,-31.37%,20200720.xls
飞禽走兽,3,8715.00,7536.60,0.00,161.80,1016.60,11.66%,20200720.xls
1分幸运28,3,7703.00,6791.64,0.00,0.00,911.36,11.83%,20200720.xls
百家乐,4,7395.00,5162.00,0.00,0.00,2233.00,30.20%,20200720.xls
腾讯1.5分彩,7,7357.12,7605.44,2.08,5.52,-253.84,-3.45%,20200720.xls
红黑大战,3,6375.00,7564.95,0.00,0.00,-1189.95,-18.67%,20200720.xls
吉林快3,4,6279.00,7410.19,9.00,8.23,-1139.42,-18.15%,20200720.xls
上海快3,4,6078.00,688.04,25.00,8.04,5381.92,88.55%,20200720.xls
六合秒秒,2,5621.00,4649.48,0.00,54.65,916.87,16.31%,20200720.xls
骰宝,3,4660.00,3741.60,0.00,0.50,917.90,19.70%,20200720.xls
湖北快3,5,4264.00,5721.16,0.00,7.50,-1464.66,-34.35%,20200720.xls
3分赛车,8,3547.14,2712.26,203.60,11.16,823.72,23.22%,20200720.xls
欢乐生肖,11,3544.56,1759.82,141.84,0.20,1784.54,50.35%,20200720.xls
河北快3,4,3250.00,770.20,2.00,4.50,2475.30,76.16%,20200720.xls
腾讯3分彩,3,3005.08,2296.80,450.00,0.00,708.28,23.57%,20200720.xls
腾讯5分彩,6,2750.48,3297.65,0.32,0.93,-548.10,-19.93%,20200720.xls
1分11选5,11,2402.88,2328.81,36.80,10.25,63.82,2.66%,20200720.xls
5分彩,2,2205.18,1877.04,0.00,0.00,328.14,14.88%,20200720.xls
传统疯狂飞艇,2,2162.00,1655.78,0.00,0.00,506.23,23.41%,20200720.xls
5分赛车,5,2085.00,3971.43,2.00,1.44,-1887.87,-90.55%,20200720.xls
甘肃快3,3,2072.00,2648.20,0.00,4.00,-580.20,-28.00%,20200720.xls
秒秒彩,1,1966.00,1764.00,0.00,9.83,192.17,9.77%,20200720.xls
万人炸金花,2,1760.00,1092.60,0.00,57.20,610.20,34.67%,20200720.xls
江苏快3,5,1539.00,985.00,0.00,5.96,548.04,35.61%,20200720.xls
北京快3,5,1376.00,1912.52,0.00,5.54,-542.06,-39.39%,20200720.xls
传统欢乐生肖,5,1270.00,1265.45,0.00,6.95,-2.40,-0.19%,20200720.xls
广西快3,3,1201.00,902.14,0.00,2.50,296.36,24.68%,20200720.xls
万人牛牛,5,872.00,970.00,0.00,3.94,-101.94,-11.69%,20200720.xls
安徽快3,2,811.00,788.00,0.00,4.00,19.00,2.34%,20200720.xls
百人德扑,3,750.00,0.00,0.00,0.40,749.60,99.95%,20200720.xls
澳门六合彩,4,660.00,96.82,274.00,6.60,556.58,84.33%,20200720.xls
贵州快3,2,521.00,626.64,0.00,2.50,-108.14,-20.76%,20200720.xls
森林舞会,1,300.00,0.00,0.00,0.00,300.00,100.00%,20200720.xls
决战梭哈,1,155.00,206.50,0.00,0.00,-51.50,-33.23%,20200720.xls
万人百家乐,2,150.00,9.90,0.00,0.00,140.10,93.40%,20200720.xls
3分彩,2,128.80,443.52,0.00,0.00,-314.72,-244.35%,20200720.xls
10分六合,2,115.00,127.72,0.00,0.97,-13.69,-11.90%,20200720.xls
梭哈,1,100.00,0.00,0.00,0.00,100.00,100.00%,20200720.xls
百人三公,1,90.00,0.00,0.00,0.00,90.00,100.00%,20200720.xls
万人射龙门,2,60.00,88.40,0.00,0.00,-28.40,-47.33%,20200720.xls
传统3分赛车,2,55.00,105.75,0.00,1.45,-52.20,-94.91%,20200720.xls
传统10分彩,1,42.00,166.60,0.00,0.00,-124.60,-296.67%,20200720.xls
5分六合,2,21.00,23.76,0.00,0.00,-2.76,-13.14%,20200720.xls
传统5分赛车,1,16.00,17.10,7.00,0.64,-1.74,-10.88%,20200720.xls
传统澳洲幸运10,1,9.00,0.00,0.00,0.36,8.64,96.00%,20200720.xls
射龙门,1,5.00,9.65,0.00,0.05,-4.70,-94.00%,20200720.xls
百人牛牛,1,5.00,0.00,0.00,0.00,5.00,100.00%,20200720.xls
小计,,7073254.86,6684045.42,70068.68,14209.25,375000.22,5.30%,20200720.xls
1分快3,565,4322295.00,4066143.58,49225.00,7142.17,249009.26,5.76%,20200721.xls
极速快3,121,1971696.00,1851387.08,0.00,1363.81,118945.11,6.03%,20200721.xls
3分快3,77,189243.00,175550.28,1123.00,19.98,13672.74,7.22%,20200721.xls
龙虎斗,33,128305.00,126706.00,160.00,108.47,1490.54,1.16%,20200721.xls
5分快3,34,102705.00,105299.41,394.00,30.77,-2625.18,-2.56%,20200721.xls
疯狂飞艇,22,71005.68,69613.86,321.20,41.94,1349.89,1.90%,20200721.xls
1分赛车,29,54285.38,46403.49,227.42,5.04,7876.85,14.51%,20200721.xls
万人红黑大战,3,52157.00,41383.30,0.00,0.28,10773.42,20.66%,20200721.xls
1分六合,18,49322.00,50657.72,211.00,217.64,-1553.35,-3.15%,20200721.xls
万人龙虎,14,44170.00,48059.40,0.00,0.00,-3889.40,-8.81%,20200721.xls
腾讯时时彩,25,33226.52,37118.11,177.98,32.43,-3924.02,-11.81%,20200721.xls
骰宝,4,30495.00,27021.40,0.00,263.10,3210.50,10.53%,20200721.xls
传统1分彩,16,30275.00,32226.16,20.00,35.12,-1986.28,-6.56%,20200721.xls
1分彩,31,30075.28,35964.00,11.28,74.25,-5962.97,-19.83%,20200721.xls
极速赛车,18,26895.16,27234.73,0.00,92.73,-432.30,-1.61%,20200721.xls
1分11选5,12,26319.54,23327.22,52.42,305.17,2687.15,10.21%,20200721.xls
传统1分赛车,12,23462.00,27319.78,367.00,6.20,-3863.98,-16.47%,20200721.xls
吉林快3,4,16666.00,18229.53,310.00,1.04,-1564.57,-9.39%,20200721.xls
广东11选5,10,15253.00,15461.08,682.00,0.00,-208.08,-1.36%,20200721.xls
山东11选5,10,15161.00,15809.21,366.00,11.36,-659.57,-4.35%,20200721.xls
上海11选5,7,14796.00,14297.34,1594.00,0.00,498.66,3.37%,20200721.xls
奔驰宝马,3,13715.00,10197.00,0.00,0.00,3518.00,25.65%,20200721.xls
传统疯狂飞艇,6,13215.00,7427.47,0.00,13.75,5773.78,43.69%,20200721.xls
传统北京赛车,6,12715.00,11180.61,208.00,241.08,1293.31,10.17%,20200721.xls
江苏11选5,5,12574.90,14619.84,310.00,0.00,-2044.94,-16.26%,20200721.xls
北京赛车,3,12262.00,17854.04,1720.00,40.20,-5632.24,-45.93%,20200721.xls
百家乐,4,12060.00,11274.75,0.00,0.00,785.25,6.51%,20200721.xls
江西11选5,3,11454.00,10324.34,260.00,0.00,1129.66,9.86%,20200721.xls
江苏快3,6,8096.00,13930.64,0.00,9.14,-5843.78,-72.18%,20200721.xls
欢乐生肖,7,7865.72,4786.65,256.80,0.00,3079.07,39.15%,20200721.xls
百人三公,1,6785.00,5240.20,0.00,0.00,1544.80,22.77%,20200721.xls
百人牛牛,5,6730.00,6699.50,0.00,0.00,30.50,0.45%,20200721.xls
万人百家乐,2,6545.00,6932.00,35.00,0.00,-387.00,-5.91%,20200721.xls
湖北快3,8,4625.00,3884.72,40.00,3.58,736.70,15.93%,20200721.xls
1分幸运28,4,4221.00,3533.39,0.00,0.00,687.61,16.29%,20200721.xls
5分彩,3,3981.40,3890.70,0.00,0.00,90.70,2.28%,20200721.xls
腾讯1.5分彩,8,3301.32,3248.39,50.00,0.39,52.54,1.59%,20200721.xls
万人炸金花,2,2760.00,2702.70,0.00,0.00,57.30,2.08%,20200721.xls
传统欢乐生肖,5,2716.00,3192.96,0.00,13.87,-490.82,-18.07%,20200721.xls
腾讯5分彩,8,2621.08,2508.00,0.00,0.38,112.70,4.30%,20200721.xls
红黑大战,5,2555.00,2039.35,0.00,0.00,515.65,20.18%,20200721.xls
河北快3,3,2423.00,2784.76,75.00,5.03,-366.79,-15.14%,20200721.xls
上海快3,5,2393.00,1807.62,0.00,3.00,582.38,24.34%,20200721.xls
腾讯3分彩,5,1970.24,516.98,150.00,0.10,1453.16,73.76%,20200721.xls
甘肃快3,5,1824.00,1488.58,0.00,3.00,332.42,18.22%,20200721.xls
梭哈,3,1755.00,1737.05,0.00,0.05,17.90,1.02%,20200721.xls
广西快3,5,1720.00,2370.46,100.00,5.75,-656.21,-38.15%,20200721.xls
射龙门,3,1645.00,1557.30,0.00,1.05,86.65,5.27%,20200721.xls
贵州快3,6,1509.00,2803.50,80.00,6.50,-1301.00,-86.22%,20200721.xls
万人牛牛,6,1499.00,1016.99,0.00,12.64,469.37,31.31%,20200721.xls
3分赛车,7,1437.94,1595.10,96.00,17.16,-174.32,-12.12%,20200721.xls
北京快3,5,1337.00,1344.40,119.00,2.00,-9.40,-0.70%,20200721.xls
森林舞会,5,1195.00,654.80,0.00,4.35,535.85,44.84%,20200721.xls
3分彩,3,854.80,910.80,0.00,0.00,-56.00,-6.55%,20200721.xls
台湾宾果,1,819.16,619.23,0.00,0.00,199.94,24.41%,20200721.xls
六合秒秒,5,623.00,625.50,0.00,0.00,-2.50,-0.40%,20200721.xls
5分六合,3,478.00,345.65,32.00,2.20,130.15,27.23%,20200721.xls
万人德扑,1,450.00,138.60,0.00,0.00,311.40,69.20%,20200721.xls
5分赛车,6,444.00,138.04,0.00,0.56,305.40,68.78%,20200721.xls
澳门六合彩,4,420.00,1210.25,151.00,3.68,-793.93,-189.03%,20200721.xls
传统3分赛车,3,285.00,186.17,0.00,2.94,95.89,33.65%,20200721.xls
万人射龙门,2,260.00,382.80,0.00,0.00,-122.80,-47.23%,20200721.xls
飞禽走兽,1,260.00,360.00,0.00,0.00,-100.00,-38.46%,20200721.xls
传统10分彩,2,232.00,17.64,0.00,0.00,214.36,92.40%,20200721.xls
安徽快3,3,198.00,19.70,26.00,0.50,177.80,89.80%,20200721.xls
传统5分赛车,2,158.00,368.33,0.00,0.72,-211.05,-133.58%,20200721.xls
百人炸金花,1,130.00,118.80,0.00,0.00,11.20,8.62%,20200721.xls
传统澳洲幸运10,2,97.00,141.90,0.00,0.22,-45.12,-46.52%,20200721.xls
秒秒彩,1,26.00,0.00,0.00,0.00,26.00,100.00%,20200721.xls
10分六合,1,21.00,29.70,0.00,0.00,-8.70,-41.43%,20200721.xls
传统10分赛车,1,9.00,17.10,0.00,0.36,-8.46,-94.00%,20200721.xls
小计,,7425080.12,7025987.68,58951.10,10145.70,388946.80,5.24%,20200721.xls
1分快3,535,4169495.00,4007366.98,39094.00,12489.26,149638.76,3.59%,20200722.xls
极速快3,121,1066102.00,991282.87,0.00,337.74,74481.39,6.99%,20200722.xls
3分快3,74,187930.00,188481.22,3266.00,95.23,-646.45,-0.34%,20200722.xls
5分快3,35,104805.00,103133.82,1211.00,29.73,1641.45,1.57%,20200722.xls
欢乐生肖,12,88571.40,54648.00,2400.00,0.00,33923.40,38.30%,20200722.xls
龙虎斗,28,75885.00,73365.85,0.00,83.65,2435.50,3.21%,20200722.xls
疯狂飞艇,16,63853.12,60011.12,1080.60,47.03,3794.97,5.94%,20200722.xls
万人龙虎,16,52200.00,43184.75,0.00,0.00,9015.25,17.27%,20200722.xls
1分彩,30,50672.64,48352.42,4.00,51.00,2269.22,4.48%,20200722.xls
1分赛车,27,48191.78,45862.08,8.14,0.20,2329.50,4.83%,20200722.xls
骰宝,3,44485.00,40752.70,0.00,438.60,3293.70,7.40%,20200722.xls
万人红黑大战,3,36539.00,34899.30,0.00,1.48,1638.22,4.48%,20200722.xls
森林舞会,4,36410.00,33381.45,0.00,5.90,3022.65,8.30%,20200722.xls
传统1分彩,15,34575.00,32624.57,1463.00,0.40,1950.03,5.64%,20200722.xls
极速赛车,15,33626.42,29912.59,0.00,34.84,3678.99,10.94%,20200722.xls
1分六合,15,32029.00,40728.60,250.00,67.19,-8766.79,-27.37%,20200722.xls
腾讯时时彩,17,28045.20,28573.76,86.40,42.54,-571.10,-2.04%,20200722.xls
北京赛车,3,23766.72,8760.98,2700.00,90.75,14914.99,62.76%,20200722.xls
传统1分赛车,12,21531.00,19532.64,2613.00,79.02,1919.34,8.91%,20200722.xls
传统北京赛车,5,18370.00,22214.88,80.00,678.96,-4523.84,-24.63%,20200722.xls
1分11选5,10,16383.60,17047.19,139.70,181.16,-844.75,-5.16%,20200722.xls
江苏11选5,8,15276.20,15891.90,496.00,0.36,-616.06,-4.03%,20200722.xls
山东11选5,12,14171.48,21392.72,2527.20,15.60,-7236.84,-51.07%,20200722.xls
江苏快3,8,13151.00,5499.74,649.00,5.00,7646.26,58.14%,20200722.xls
上海快3,3,12370.00,6216.70,0.00,1.00,6152.30,49.74%,20200722.xls
上海11选5,6,12129.40,13026.05,0.00,0.00,-896.65,-7.39%,20200722.xls
广东11选5,8,11477.60,10438.98,60.00,1.36,1037.26,9.04%,20200722.xls
奔驰宝马,5,9940.00,9557.85,0.00,0.00,382.15,3.84%,20200722.xls
江西11选5,6,9518.00,10224.60,300.00,0.96,-707.56,-7.43%,20200722.xls
3分赛车,7,9438.94,9527.15,67.20,2.76,-90.97,-0.96%,20200722.xls
北京快3,8,7085.00,11112.82,230.00,21.75,-4049.57,-57.16%,20200722.xls
湖北快3,10,5720.00,8014.61,0.00,7.25,-2301.86,-40.24%,20200722.xls
1分幸运28,3,5347.00,4644.41,0.00,0.00,702.60,13.14%,20200722.xls
腾讯1.5分彩,9,4235.04,3345.91,187.60,33.50,855.63,20.20%,20200722.xls
传统疯狂飞艇,3,3918.00,4197.38,10.00,0.36,-279.74,-7.14%,20200722.xls
万人百家乐,1,3860.00,4072.25,10.00,0.00,-212.25,-5.50%,20200722.xls
万人德扑,1,3435.00,3702.60,0.00,0.00,-267.60,-7.79%,20200722.xls
百家乐,7,3345.00,2231.45,0.00,0.00,1113.55,33.29%,20200722.xls
红黑大战,5,2610.00,2494.00,0.00,0.00,116.00,4.44%,20200722.xls
河北快3,5,2328.00,1837.40,0.00,7.50,483.10,20.75%,20200722.xls
万人炸金花,3,2240.00,2289.45,0.00,69.60,-119.05,-5.31%,20200722.xls
万人牛牛,4,2232.00,34.66,0.00,0.80,2196.54,98.41%,20200722.xls
传统欢乐生肖,5,2124.00,2145.82,0.00,31.50,-53.32,-2.51%,20200722.xls
六合秒秒,2,2067.00,2085.93,0.00,0.00,-18.93,-0.92%,20200722.xls
甘肃快3,3,1970.00,1871.88,95.00,7.75,90.37,4.59%,20200722.xls
贵州快3,3,1711.00,2168.98,0.00,8.50,-466.48,-27.26%,20200722.xls
吉林快3,6,1403.00,594.78,0.00,5.23,802.99,57.23%,20200722.xls
百人三公,2,1155.00,1122.90,0.00,0.00,32.10,2.78%,20200722.xls
3分彩,1,1104.00,1742.40,0.00,0.00,-638.40,-57.83%,20200722.xls
腾讯3分彩,3,1038.02,827.44,0.00,0.00,210.58,20.29%,20200722.xls
百人牛牛,2,1000.00,1241.30,0.00,0.00,-241.30,-24.13%,20200722.xls
腾讯5分彩,5,934.56,752.40,0.00,1.00,181.16,19.38%,20200722.xls
广西快3,3,887.00,345.50,0.00,4.00,537.50,60.60%,20200722.xls
台湾宾果,1,690.00,888.84,8.00,0.00,-198.84,-28.82%,20200722.xls
澳门六合彩,5,676.00,242.05,60.00,4.97,428.98,63.46%,20200722.xls
安徽快3,2,670.00,1005.30,0.00,2.25,-337.55,-50.38%,20200722.xls
5分赛车,5,569.20,759.20,0.00,0.76,-190.76,-33.51%,20200722.xls
百人炸金花,1,380.00,415.80,0.00,0.00,-35.80,-9.42%,20200722.xls
5分彩,2,201.32,176.22,0.00,0.00,25.10,12.47%,20200722.xls
百人牌九,1,110.00,197.00,0.00,0.00,-87.00,-79.09%,20200722.xls
秒秒彩,1,96.00,118.80,0.00,0.00,-22.80,-23.75%,20200722.xls
梭哈,1,50.00,138.00,0.00,0.00,-88.00,-176.00%,20200722.xls
5分六合,1,25.00,0.00,0.00,0.25,24.75,99.00%,20200722.xls
传统10分彩,1,23.00,19.60,0.00,0.00,3.40,14.78%,20200722.xls
新幸运飞艇,1,11.00,3.96,0.00,0.00,7.04,64.00%,20200722.xls
百人德扑,1,10.00,19.70,0.00,0.00,-9.70,-97.00%,20200722.xls
小计,,6406199.64,6092754.20,59095.84,14988.69,298456.76,4.66%,20200722.xls
1分快3,524,4415542.00,4154606.41,28625.00,9630.29,251305.30,5.69%,20200723.xls
极速快3,132,1492491.00,1407268.75,0.00,538.51,84683.74,5.67%,20200723.xls
3分快3,66,244538.00,258790.47,3070.00,58.06,-14310.53,-5.85%,20200723.xls
疯狂飞艇,25,147908.64,137323.63,668.40,60.47,10524.54,7.12%,20200723.xls
5分快3,33,122383.00,105388.53,3309.00,26.12,16968.36,13.86%,20200723.xls
欢乐生肖,12,105350.64,133905.42,0.00,0.00,-28554.78,-27.10%,20200723.xls
传统1分彩,18,94553.00,95737.92,320.00,28.51,-1213.43,-1.28%,20200723.xls
龙虎斗,19,66195.00,67489.75,0.00,96.30,-1391.05,-2.10%,20200723.xls
万人红黑大战,5,65654.00,51921.20,90.00,1.36,13731.44,20.91%,20200723.xls
1分赛车,28,61519.60,64134.01,342.00,29.67,-2644.08,-4.30%,20200723.xls
传统1分赛车,10,47954.00,50283.95,771.00,196.08,-2526.03,-5.27%,20200723.xls
1分六合,19,46902.00,50274.31,32.00,170.15,-3542.46,-7.55%,20200723.xls
3分赛车,8,39919.86,34905.74,753.20,48.48,4965.64,12.44%,20200723.xls
1分彩,37,39205.16,36269.27,132.96,66.08,2869.81,7.32%,20200723.xls
腾讯时时彩,21,29346.52,30494.13,49.44,101.29,-1248.91,-4.26%,20200723.xls
万人射龙门,1,28780.00,30066.50,0.00,0.00,-1286.50,-4.47%,20200723.xls
北京赛车,4,24236.88,37019.60,700.00,80.33,-12863.05,-53.07%,20200723.xls
极速赛车,15,21850.68,21481.71,0.00,94.32,274.66,1.26%,20200723.xls
万人龙虎,13,20695.00,26084.35,0.00,0.00,-5389.35,-26.04%,20200723.xls
传统北京赛车,6,20018.00,14076.65,1171.00,593.10,5348.25,26.72%,20200723.xls
山东11选5,9,19849.60,20358.00,1338.00,22.88,-531.28,-2.68%,20200723.xls
1分11选5,15,18007.92,16852.82,83.04,63.29,1091.80,6.06%,20200723.xls
传统欢乐生肖,4,15961.00,16236.19,0.00,228.19,-503.38,-3.15%,20200723.xls
骰宝,3,15815.00,14840.10,0.00,149.70,825.20,5.22%,20200723.xls
上海11选5,6,15266.80,13027.51,676.00,1.52,2237.77,14.66%,20200723.xls
广东11选5,6,14657.22,8227.90,1052.00,0.48,6428.84,43.86%,20200723.xls
江西11选5,6,14046.02,13864.14,376.00,1.12,180.76,1.29%,20200723.xls
江苏11选5,3,13202.00,12170.11,0.00,1.28,1030.61,7.81%,20200723.xls
奔驰宝马,2,10115.00,8514.00,0.00,0.00,1601.00,15.83%,20200723.xls
森林舞会,3,9340.00,7794.80,0.00,0.50,1544.70,16.54%,20200723.xls
万人炸金花,3,7590.00,6781.35,0.00,260.40,548.25,7.22%,20200723.xls
北京快3,3,6536.00,11368.00,45.00,22.72,-4854.72,-74.28%,20200723.xls
万人德扑,1,5655.00,5970.00,0.00,0.00,-315.00,-5.57%,20200723.xls
5分赛车,4,4927.16,3720.62,0.00,0.00,1206.54,24.49%,20200723.xls
1分幸运28,4,4574.00,4053.51,14.00,0.00,520.49,11.38%,20200723.xls
河北快3,4,3505.00,114.84,10.00,11.50,3378.66,96.40%,20200723.xls
江苏快3,7,3370.00,1275.12,40.00,0.00,2094.88,62.16%,20200723.xls
传统疯狂飞艇,3,3002.00,1984.33,0.00,0.84,1016.83,33.87%,20200723.xls
湖北快3,6,2538.00,4194.18,25.00,2.50,-1658.68,-65.35%,20200723.xls
万人百家乐,1,2455.00,2701.00,60.00,0.00,-246.00,-10.02%,20200723.xls
六合秒秒,4,2011.00,1937.47,0.00,5.45,68.08,3.39%,20200723.xls
梭哈,3,1700.00,1899.95,0.00,0.00,-199.95,-11.76%,20200723.xls
百人牛牛,4,1530.00,1753.35,0.00,0.15,-223.50,-14.61%,20200723.xls
百家乐,3,1305.00,1520.50,0.00,0.00,-215.50,-16.51%,20200723.xls
新幸运飞艇,3,1293.00,980.10,0.00,0.00,312.90,24.20%,20200723.xls
吉林快3,4,1290.00,1503.75,150.00,6.26,-220.01,-17.06%,20200723.xls
红黑大战,3,785.00,879.55,0.00,0.48,-95.03,-12.11%,20200723.xls
澳门六合彩,5,736.00,83.56,100.00,5.02,647.42,87.96%,20200723.xls
上海快3,2,706.00,177.86,0.00,0.00,528.14,74.81%,20200723.xls
万人牛牛,8,683.00,509.29,0.00,5.95,167.76,24.56%,20200723.xls
贵州快3,5,432.00,604.75,0.00,2.03,-174.78,-40.46%,20200723.xls
腾讯5分彩,2,405.76,55.24,200.80,3.15,347.37,85.61%,20200723.xls
腾讯1.5分彩,7,401.68,395.80,0.00,0.50,5.38,1.34%,20200723.xls
广西快3,5,337.00,69.30,0.00,0.50,267.20,79.29%,20200723.xls
腾讯3分彩,3,321.36,410.06,200.00,0.20,-88.90,-27.66%,20200723.xls
台湾宾果,1,247.60,92.18,0.00,0.00,155.42,62.77%,20200723.xls
3分彩,1,210.00,297.00,0.00,0.00,-87.00,-41.43%,20200723.xls
5分彩,2,185.76,241.76,0.00,0.00,-56.00,-30.15%,20200723.xls
5分六合,3,180.00,0.00,0.00,1.70,178.30,99.06%,20200723.xls
甘肃快3,4,176.00,328.32,0.00,0.00,-152.32,-86.55%,20200723.xls
百人炸金花,1,160.00,207.90,0.00,0.00,-47.90,-29.94%,20200723.xls
安徽快3,1,88.00,61.38,111.00,0.00,26.62,30.25%,20200723.xls
飞禽走兽,1,75.00,120.00,0.00,0.00,-45.00,-60.00%,20200723.xls
传统10分彩,1,40.00,0.00,0.00,0.00,40.00,100.00%,20200723.xls
传统10分赛车,1,9.00,17.55,0.00,0.09,-8.64,-96.00%,20200723.xls
小计,,7340763.86,6995717.44,44514.84,12617.52,332428.90,4.53%,20200723.xls
1分快3,523,4041752.00,3788215.42,30343.00,12572.32,240964.26,5.96%,20200724.xls
极速快3,138,1643336.00,1536244.99,0.00,476.48,106614.54,6.49%,20200724.xls
3分快3,69,238475.00,227168.08,866.00,47.42,11259.51,4.72%,20200724.xls
龙虎斗,31,199515.00,196142.25,0.00,137.27,3235.49,1.62%,20200724.xls
5分快3,28,124163.00,125532.62,646.00,8.72,-1378.34,-1.11%,20200724.xls
传统1分彩,19,94931.00,87246.99,50.00,72.20,7611.81,8.02%,20200724.xls
欢乐生肖,13,87466.46,54948.96,0.00,0.00,32517.50,37.18%,20200724.xls
1分赛车,31,64297.64,59629.65,16.00,139.07,4528.92,7.04%,20200724.xls
百家乐,6,59615.00,48236.75,0.00,0.00,11378.25,19.09%,20200724.xls
万人红黑大战,6,55690.00,62631.30,0.00,1.32,-6942.62,-12.47%,20200724.xls
1分彩,35,50907.20,49455.03,90.60,11.22,1440.95,2.83%,20200724.xls
1分六合,19,41309.00,29510.44,200.00,89.82,11708.74,28.34%,20200724.xls
万人龙虎,16,31350.00,30752.80,0.00,16.38,580.82,1.85%,20200724.xls
疯狂飞艇,17,30797.36,30034.47,1178.24,26.34,736.55,2.39%,20200724.xls
极速赛车,23,30252.20,30065.88,0.00,250.93,-64.61,-0.21%,20200724.xls
腾讯时时彩,24,25093.94,27080.14,436.00,28.38,-2014.58,-8.03%,20200724.xls
传统欢乐生肖,3,25068.00,26561.47,0.00,361.00,-1854.47,-7.40%,20200724.xls
传统1分赛车,12,22052.00,22718.40,66.00,98.76,-765.16,-3.47%,20200724.xls
山东11选5,9,21349.00,22305.28,2024.00,31.32,-987.60,-4.63%,20200724.xls
上海11选5,7,16769.20,16648.87,2416.00,9.32,111.01,0.66%,20200724.xls
江苏11选5,3,16502.00,18043.26,1100.00,1.16,-1542.42,-9.35%,20200724.xls
广东11选5,8,16451.00,18590.69,1172.00,4.44,-2144.13,-13.03%,20200724.xls
江西11选5,4,13290.00,11819.72,616.00,0.00,1470.28,11.06%,20200724.xls
江苏快3,9,12202.00,18002.92,102.00,11.00,-5811.92,-47.63%,20200724.xls
传统北京赛车,5,11779.00,13557.15,297.00,332.40,-2110.55,-17.92%,20200724.xls
1分11选5,14,11257.40,16580.41,54.54,78.98,-5401.99,-47.99%,20200724.xls
万人百家乐,3,7355.00,8012.25,45.00,0.04,-657.29,-8.94%,20200724.xls
百人牛牛,5,6570.00,7142.85,0.00,0.00,-572.85,-8.72%,20200724.xls
奔驰宝马,5,6050.00,5692.50,0.00,0.00,357.50,5.91%,20200724.xls
贵州快3,2,5500.00,9693.00,0.00,7.50,-4200.50,-76.37%,20200724.xls
北京赛车,4,4927.20,7704.08,273.80,4.55,-2781.43,-56.45%,20200724.xls
传统疯狂飞艇,4,4819.00,4036.71,0.00,0.00,782.29,16.23%,20200724.xls
新幸运飞艇,10,4576.00,3919.84,0.00,14.27,641.89,14.03%,20200724.xls
梭哈,3,4540.00,4093.40,0.00,0.00,446.60,9.84%,20200724.xls
北京快3,4,4108.00,5405.36,90.00,3.00,-1300.36,-31.65%,20200724.xls
湖北快3,5,3824.00,4165.92,0.00,1.00,-342.92,-8.97%,20200724.xls
吉林快3,5,2919.00,4150.87,1.00,11.06,-1242.93,-42.58%,20200724.xls
上海快3,1,2700.00,4334.00,0.00,13.50,-1647.50,-61.02%,20200724.xls
腾讯1.5分彩,7,2461.24,1919.67,150.00,0.41,541.16,21.99%,20200724.xls
3分赛车,8,2118.06,2235.26,144.00,10.61,-127.81,-6.03%,20200724.xls
腾讯5分彩,5,1484.82,1191.03,0.00,3.21,290.58,19.57%,20200724.xls
5分赛车,5,1276.00,1611.72,124.80,0.00,-335.72,-26.31%,20200724.xls
红黑大战,4,1275.00,1277.10,0.00,0.00,-2.10,-0.16%,20200724.xls
腾讯3分彩,5,1205.80,1173.32,0.00,0.00,32.48,2.69%,20200724.xls
骰宝,4,1045.00,1300.10,0.00,0.55,-255.65,-24.46%,20200724.xls
澳门六合彩,6,817.00,244.50,500.00,4.52,567.98,69.52%,20200724.xls
万人炸金花,2,750.00,342.00,0.00,29.60,378.40,50.45%,20200724.xls
甘肃快3,5,706.00,395.98,650.00,15.50,294.52,41.72%,20200724.xls
万人射龙门,1,660.00,614.70,10.00,0.00,45.30,6.86%,20200724.xls
百人炸金花,1,480.00,594.00,0.00,0.00,-114.00,-23.75%,20200724.xls
六合秒秒,5,368.00,394.76,0.00,0.00,-26.76,-7.27%,20200724.xls
河北快3,3,321.00,197.00,0.00,1.54,122.46,38.15%,20200724.xls
飞禽走兽,1,250.00,320.00,0.00,0.00,-70.00,-28.00%,20200724.xls
台湾宾果,1,207.12,107.67,0.00,0.00,99.45,48.02%,20200724.xls
安徽快3,4,205.00,89.08,0.00,0.50,115.42,56.30%,20200724.xls
广西快3,1,200.00,394.00,0.00,1.00,-195.00,-97.50%,20200724.xls
万人德扑,1,180.00,217.80,0.00,0.00,-37.80,-21.00%,20200724.xls
射龙门,2,180.00,200.80,0.00,0.00,-20.80,-11.56%,20200724.xls
万人牛牛,5,164.00,176.18,0.00,0.96,-13.14,-8.01%,20200724.xls
3分彩,1,154.00,0.00,0.00,0.00,154.00,100.00%,20200724.xls
百人三公,1,115.00,68.95,0.00,0.00,46.05,40.04%,20200724.xls
传统10分彩,1,111.00,59.89,0.00,0.00,51.12,46.05%,20200724.xls
5分彩,1,100.80,124.74,0.00,0.00,-23.94,-23.75%,20200724.xls
百人德扑,1,65.00,78.80,0.00,0.00,-13.80,-21.23%,20200724.xls
1分幸运28,2,35.00,28.57,0.00,0.00,6.43,18.37%,20200724.xls
5分六合,1,9.00,17.10,0.00,0.36,-8.46,-94.00%,20200724.xls
小计,,7060502.44,6651449.44,43661.98,14929.93,394123.11,5.58%,20200724.xls
